id,first_name,last_name,email,Password,created_on,
1,Lisha,McCarrick,lmccarrick0@walmart.com,oD7.D_>pPkv#,3/4/2024,
2,Willard,Frazier,wfrazier1@springer.com,lR2|9uhs2X,4/10/2024,
3,Joann,Cisson,jcisson2@tamu.edu,rF0>87=!!WT/,6/2/2024,
4,Persis,Bittlestone,pbittlestone3@sitemeter.com,"eV5.<dG_i9""\xJ",9/16/2024,
5,Erma,Fisbey,efisbey4@google.pl,gG9*17Zlc_,7/10/2024,
6,Frankie,Torel,ftorel5@bizjournals.com,qT1#R+Ex5=&YZ,4/12/2024,
7,Tripp,Hymas,thymas6@reverbnation.com,"nT8&|8,sp.@gDm|",1/27/2024,
8,Caria,Stawell,cstawell7@engadget.com,aI4!r#SDgS~,10/20/2024,
9,Valenka,Thaine,vthaine8@cdbaby.com,sS4~h7)<I\+a,5/4/2024,
10,Raimundo,Manning,rmanning9@creativecommons.org,"nK5,%fErz}'",1/12/2024,
11,Henderson,Salman,hsalmana@globo.com,hG8`~Lh!SKIquQo,3/29/2024,
12,Silvio,Greenwood,sgreenwoodb@nsw.gov.au,rM1?`71Ft,8/14/2024,
13,Junia,Petyanin,jpetyaninc@artisteer.com,pA3_I<bSv>1HUmlo,10/17/2024,
14,Reed,Arrighi,rarrighid@businessweek.com,hG1@%(@#/pmC~2$,1/20/2024,
15,Bar,Sarath,bsarathe@phpbb.com,zO2>I@o8Bf,4/5/2024,
16,Tammy,Suston,tsustonf@mozilla.com,lA3'W@X|aqSyHE,6/17/2024,
17,Annamarie,Kinnaird,akinnairdg@miitbeian.gov.cn,nX3|(t/3.5T_!S,10/2/2024,
18,Clyde,Fruish,cfruishh@youtube.com,oD1.CZMEo\Ul,6/30/2024,
19,Reginald,Grancher,rgrancheri@smh.com.au,bF2'*g>&,12/3/2023,
20,Idell,Feary,ifearyj@oakley.com,"aM1{,`0.*xI",6/18/2024,
21,Barry,Belson,bbelsonk@freewebs.com,sR2=wjPxZf3,9/4/2024,
22,Liam,Yven,lyvenl@meetup.com,"dM4~/{t6,U.Eq",10/17/2024,
23,Laural,Liccardi,lliccardim@msn.com,tQ8}*Xtkx,9/3/2024,
24,Gideon,Dillistone,gdillistonen@yahoo.co.jp,aP1@)GPnk4jZJW,8/29/2024,
25,Angeli,Nolte,anolteo@addthis.com,sZ5|e|S$%SDIqIBA,8/11/2024,
26,Weidar,Padbery,wpadberyp@slideshare.net,mC2<KoBTJ}45,9/3/2024,
27,Abbye,Ames,aamesq@state.tx.us,uY7!Cc=2JyoNx/lg,5/25/2024,
28,Cherry,Roscher,croscherr@hc360.com,tB1'zqgq1aC8.=n7,5/19/2024,
29,Vivian,Overal,voverals@census.gov,qJ9_9b~(J$A0qP,7/4/2024,
30,Ashien,Philcock,aphilcockt@ow.ly,hR4@P08wBk,6/10/2024,
31,Rosabel,Setchell,rsetchellu@loc.gov,dF0`56V|ILcMnO,5/22/2024,
32,Inga,Dunkerly,idunkerlyv@usa.gov,qL3/7c`8U8Iy,4/28/2024,
33,Monro,Crowth,mcrowthw@cpanel.net,yK9(f6b0m,7/18/2024,
34,Alis,Germon,agermonx@msn.com,iS5*G19%r|o,agermonx@msn.com,7/17/2024
35,Ernie,Crumb,ecrumby@noaa.gov,oG7%G+Vr2odc6{e,12/19/2023,
36,Baird,Von Hindenburg,bvonhindenburgz@java.com,bB4<a=ux7wWxz*p,11/25/2023,
37,Lon,Conquest,lconquest10@google.nl,yZ2`47tJX#d,5/9/2024,
38,Seth,Linforth,slinforth11@topsy.com,yQ7`it\agJvslv9`,11/19/2024,
39,Annadiana,Jodrellec,ajodrellec12@accuweather.com,cP3|L!'@7>8jd,6/12/2024,
40,Katie,Vinter,kvinter13@scientificamerican.com,"gO7""g!@xp0ro",3/15/2024,
41,Drucill,Sabate,dsabate14@webeden.co.uk,eV4.o4}*&8DZU,9/7/2024,
42,Christi,Saywell,csaywell15@alexa.com,rN6\KM&UL_gu&X3,5/1/2024,
43,Fritz,Grix,fgrix16@patch.com,gE4&)i&Y%=~+zY4,12/1/2023,
44,Pren,Wassung,pwassung17@moonfruit.com,tI6+(Jg$d7?,7/4/2024,
45,Irvine,Eagland,ieagland18@pen.io,"gV8`JiAkl,c(ZS",11/25/2023,
46,Lombard,Grocock,lgrocock19@reference.com,vK8@5BjD'Su,1/18/2024,
47,Archibold,O'Moylane,aomoylane1a@globo.com,hR7.B9G.,6/27/2024,
48,Oona,Delacroix,odelacroix1b@fc2.com,qP2}OL15/iTS#8,4/7/2024,
49,Elnar,Wallas,ewallas1c@army.mil,kH1=mbX>V>iK=)*m,8/11/2024,
50,Rahel,Stebbin,rstebbin1d@etsy.com,wR6$EnpH,7/9/2024,
51,Rodrique,Acuna,racuna1e@washingtonpost.com,lK3{56pe)},7/18/2024,
52,Poppy,Antognoni,pantognoni1f@comcast.net,"gW3~Q@""||Tw.""HF",2/17/2024,
53,Cammy,Deevey,cdeevey1g@g.co,oO1`x4`OW,8/22/2024,
54,Nicko,Odell,nodell1h@dyndns.org,hH7=d&TA#Qjb,8/11/2024,
55,Maiga,Penney,mpenney1i@google.nl,fA4&XfFr!F,7/20/2024,
56,Hestia,Prozescky,hprozescky1j@creativecommons.org,hZ1$q~@Bi,11/22/2024,
57,Madelon,Primmer,mprimmer1k@wunderground.com,sM4&(=T{W?6~,10/14/2024,
58,Rae,Bushaway,rbushaway1l@diigo.com,wD3(d%8`Jk.~,3/16/2024,
59,Alberta,Pamment,apamment1m@mashable.com,nU3+Jz+%b6d\f,11/4/2024,
60,Olympie,Crichley,ocrichley1n@example.com,eA5?b8MN>n/f,5/8/2024,
61,Cyril,Dunston,cdunston1o@mayoclinic.com,xM1%Pa0Ms,6/19/2024,
62,Lonny,Sieur,lsieur1p@forbes.com,"tF6&n""T6*1",7/7/2024,
63,Vail,Golly,vgolly1q@un.org,gP1(#iS)t%{0l&,8/17/2024,
64,Edmund,Witterick,ewitterick1r@pcworld.com,aW4)C%=&,4/10/2024,
65,Waverley,Parradine,wparradine1s@miitbeian.gov.cn,yX0!7geX<,1/1/2024,
66,Reamonn,Camier,rcamier1t@a8.net,qC7(<l0>sBS1I5,6/22/2024,
67,Rhody,Prisley,rprisley1u@discovery.com,bT7!V57t5v,9/20/2024,
68,Nelly,Twinborne,ntwinborne1v@issuu.com,kN6>6n+N3tC?}K_h,7/24/2024,
69,Samson,Fairholm,sfairholm1w@nih.gov,"yV5~93""h",9/17/2024,
70,Enrique,Redan,eredan1x@spotify.com,qQ2$7Q\|Q,10/5/2024,
71,Idaline,Pullar,ipullar1y@oaic.gov.au,oM1>oW$HJoQ,9/12/2024,
72,North,Cartan,ncartan1z@psu.edu,aX8/i&9GVremu<W!,10/27/2024,
73,Tonya,Levis,tlevis20@moonfruit.com,qS1*V6%qzo..zF,8/12/2024,
74,Annabell,Bewley,abewley21@buzzfeed.com,"nD2>#JL,ga(I|",5/9/2024,
75,Mack,Wimpress,mwimpress22@wikipedia.org,vT0++H(l(,2/10/2024,
76,Neils,Skpsey,nskpsey23@ca.gov,lM3|SOEZ2,2/7/2024,
77,Leshia,Dominelli,ldominelli24@baidu.com,sZ5@.&}4,7/10/2024,
78,Renae,Anthona,ranthona25@rakuten.co.jp,jN2\*XUP(4R,12/26/2023,
79,Sholom,Rathke,srathke26@pbs.org,nB3}3D%8,9/27/2024,
80,Lewes,Alderwick,lalderwick27@sphinn.com,eA6}3/nN#SqdO~m,4/15/2024,
81,Adelle,Saundercock,asaundercock28@tumblr.com,sW3/*ZZb\Ra,9/13/2024,
82,Maurise,Badder,mbadder29@bloglovin.com,uF6<q(E$K?wSnhI,1/2/2024,
83,Myles,Cowdery,mcowdery2a@merriam-webster.com,bV3'pv140g'kfz,5/12/2024,
84,Wylma,Manuely,wmanuely2b@wiley.com,oL1=Gc&@e,12/24/2023,
85,Kathy,Martinho,kmartinho2c@mail.ru,bX6&'AXq,3/17/2024,
86,Marice,Ruecastle,mruecastle2d@dion.ne.jp,gW7%1~E~U.x,10/29/2024,
87,See,Allder,sallder2e@dailymotion.com,oQ3%_FGKrxKGJr*,4/4/2024,
88,Cale,Klewi,cklewi2f@canalblog.com,tL3=/Hx=.af,6/30/2024,
89,Chrissy,Ruggier,cruggier2g@java.com,dR0`J6l66gx1'C=e,4/26/2024,
90,Rolfe,Mathes,rmathes2h@google.com.br,yD7=s2l/(,11/24/2024,
91,Maggi,Van de Castele,mvandecastele2i@apple.com,oE3.?GcNm,2/26/2024,
92,Deane,Rubens,drubens2j@wired.com,zP5(adw7Agl,7/5/2024,
93,Jacques,Salzburger,jsalzburger2k@weather.com,nY1|N.d#+ruXm,2/7/2024,
94,Avivah,Sholem,asholem2l@phoca.cz,dT3/CVG38g,12/28/2023,
95,Myrtice,Stoke,mstoke2m@forbes.com,"nT7.WL""1mt9V,",8/20/2024,
96,Ulrika,O'Corrane,uocorrane2n@hostgator.com,iY4/T$?1pqa,7/25/2024,
97,Katerine,Fayter,kfayter2o@cbslocal.com,lD6'wq6&p,5/16/2024,
98,Jehu,Canet,jcanet2p@stumbleupon.com,vG8(SB<!wB5WG3c,1/16/2024,
99,Thorny,Youngman,tyoungman2q@tiny.cc,"rE2#\P/5~NzT,3b3",1/21/2024,
100,Jason,Barefoot,jbarefoot2r@hexun.com,cU0?s?Tz,6/26/2024,
101,Simone,Daice,sdaice2s@google.com.au,vF0@@*h9*@,1/30/2024,
102,Chen,Petranek,cpetranek2t@constantcontact.com,"jM9.f?j`yw/""3",3/16/2024,
103,Lamar,Morad,lmorad2u@forbes.com,iM0.N(7ykg#/rJ,2/8/2024,
104,Mersey,Fuxman,mfuxman2v@a8.net,mT9)E7&*?,6/22/2024,
105,Lee,Stuehmeier,lstuehmeier2w@hostgator.com,kG9}<`I8aMd/7,6/24/2024,
106,Caryl,Arboin,carboin2x@java.com,dS0$f`IBMMl4,7/28/2024,
107,Keary,Thams,kthams2y@twitpic.com,cX7%K4}_mB\,8/24/2024,
108,Tammy,Burgoine,tburgoine2z@posterous.com,"vG4,?'J5",1/19/2024,
109,Myrah,McIsaac,mmcisaac30@domainmarket.com,cN5~r6ZsbZ,4/29/2024,
110,Fidel,Cabane,fcabane31@simplemachines.org,gB8.OTfmj{,10/27/2024,
111,Daren,Farady,dfarady32@europa.eu,eY4{@?=/\C3,9/3/2024,
112,Aldin,Merida,amerida33@mediafire.com,lZ9)E>DP,9/25/2024,
113,Any,Pinkney,apinkney34@ow.ly,uN3@{ed_p>v,9/26/2024,
114,Bevon,Rowntree,browntree35@joomla.org,pU9)e\{s9L,11/7/2024,
115,Lothaire,Lapthorne,llapthorne36@free.fr,"sF1""@8sP%",5/11/2024,
116,Adena,Fiorentino,afiorentino37@mysql.com,vC3%Qxf~v,3/19/2024,
117,Filip,Karolyi,fkarolyi38@infoseek.co.jp,sU8@!lWBla=,9/23/2024,
118,Andras,Ponton,aponton39@elpais.com,jI8>#E_`7co~X*Y2,3/31/2024,
119,Spenser,Lagneaux,slagneaux3a@who.int,aQ7!U5a)YOWQ2>,9/5/2024,
120,Delilah,Fairpool,dfairpool3b@fc2.com,iZ2)PF_`hNI3T,2/29/2024,
121,Lavena,Kester,lkester3c@aol.com,bC8&Agfh_(~,9/30/2024,
122,Diego,Brookwood,dbrookwood3d@webeden.co.uk,eQ6{+F'WYLF,7/2/2024,
123,Leonhard,Chatenet,lchatenet3e@cpanel.net,hF5&uL~F,11/17/2024,
124,Thadeus,Cuttler,tcuttler3f@vk.com,vB8~8h`IZ~Ksg9Q,2/21/2024,
125,Ferguson,Robertz,frobertz3g@nbcnews.com,"hZ9""(!kg""'",3/9/2024,
126,Jean,Simpole,jsimpole3h@imgur.com,dA7$Uk*lW,8/7/2024,
127,Carlin,Oxford,coxford3i@chicagotribune.com,wZ9=?JNNb,12/17/2023,
128,Dareen,Arkcoll,darkcoll3j@washingtonpost.com,lI4%EJvHa|arv,7/5/2024,
129,Alie,Smeall,asmeall3k@google.ca,"oC5_CqG|,QG",7/30/2024,
130,Lenci,Chaff,lchaff3l@bloglovin.com,"cZ6@a>mH,hbB`",4/27/2024,
131,Calli,Camell,ccamell3m@wikipedia.org,yY6}tEW~dYY',4/21/2024,
132,Skipper,Custed,scusted3n@jimdo.com,lQ4<x24Ifn5\Ih7e,7/25/2024,
133,Manfred,Hobble,mhobble3o@jimdo.com,"rT3.>""QF+H",11/11/2024,
134,Stacy,Peniman,speniman3p@slideshare.net,cL0.c0w_G?tXU,11/23/2024,
135,Dougie,Cerro,dcerro3q@ovh.net,jT0|iuG53/j,4/6/2024,
136,Jobyna,Ancliff,jancliff3r@mashable.com,xB8+Ias(W>!K_u2!,9/23/2024,
137,Emmy,Payton,epayton3s@state.gov,wC7\AWW&N,3/1/2024,
138,Othilie,Higgan,ohiggan3t@ucoz.com,nI9$2c|*ZK??,1/24/2024,
139,Torey,Izzatt,tizzatt3u@princeton.edu,cA6%)>*!,5/8/2024,
140,Kelci,Costen,kcosten3v@free.fr,yA4/qr(Ams,6/9/2024,
141,Normie,Coan,ncoan3w@csmonitor.com,"sD4,uJKlHZ&\\%",10/1/2024,
142,Neall,Caple,ncaple3x@zdnet.com,zG1@U}IKjT,8/26/2024,
143,Em,Dukesbury,edukesbury3y@buzzfeed.com,"nX1|(M2+,B5F?'h+",12/6/2023,
144,Oberon,Lapsley,olapsley3z@amazon.com,bK9+?H{K@glnZ/,4/14/2024,
145,Frederich,Burnsell,fburnsell40@cafepress.com,uG4#dErg(,3/17/2024,
146,Babita,Parkyns,bparkyns41@seesaa.net,sD2%KwWo6(i(lg,7/31/2024,
147,Abby,MacLese,amaclese42@fotki.com,hT5_ZqE@#0/Lm6`,5/16/2024,
148,Bruno,Blondel,bblondel43@tiny.cc,iN7~4Tr>o&{>2olw,12/17/2023,
149,Kendrick,Cauderlie,kcauderlie44@bloglines.com,rF1*1L.Vy.,7/11/2024,
150,Salomon,Leivesley,sleivesley45@wikispaces.com,fH3_*{o*,10/31/2024,
151,Harv,Scottrell,hscottrell46@weather.com,hR3\W\z),9/26/2024,
152,Brandi,De Dei,bdedei47@bizjournals.com,zD7{8(H%#l=,3/28/2024,
153,Emmalynne,Munton,emunton48@meetup.com,qT8)nuDNEr{nFQ?,12/19/2023,
154,Kilian,Ovendon,kovendon49@hc360.com,rD7#hL(Wmrra*e,6/30/2024,
155,Raeann,Laister,rlaister4a@wikia.com,gN8=z?gK4+J,4/15/2024,
156,Ebonee,Holtom,eholtom4b@webs.com,kH0_A1i+|,4/13/2024,
157,Jennine,Leah,jleah4c@yellowpages.com,"sY9_KPS!"")",11/20/2024,
158,Jayne,Zuan,jzuan4d@xinhuanet.com,"tY8@5~a,",5/11/2024,
159,Katinka,Luce,kluce4e@yolasite.com,"cQ5?A2""E`yY",12/14/2023,
160,Albina,Yashunin,ayashunin4f@wordpress.org,"fM4""GCP+xIW0",8/10/2024,
161,Ariana,Lamburne,alamburne4g@twitter.com,zO3(!dQ6ey,7/15/2024,
162,Packston,Limpertz,plimpertz4h@nature.com,jA6*PDyXzp`W>80*,2/4/2024,
163,Shannan,Klaesson,sklaesson4i@artisteer.com,sP3)c5P}niGPdJYZ,1/3/2024,
164,Eolanda,Kienzle,ekienzle4j@opera.com,"qV7"")iEYdd'q",7/30/2024,
165,Myrna,Barnshaw,mbarnshaw4k@independent.co.uk,uW0.P`{*!,1/25/2024,
166,Bill,Victoria,bvictoria4l@devhub.com,mQ0)1vnv{q{9,4/2/2024,
167,Janos,Ringsell,jringsell4m@weather.com,uJ8+MfEA&\e9,11/5/2024,
168,Keelia,Pegler,kpegler4n@google.pl,rX1~VwFF6prcd`,9/11/2024,
169,Candie,Pietroni,cpietroni4o@last.fm,xD9=wC58cr,3/11/2024,
170,Agna,Zucker,azucker4p@about.me,cL9)7Emg,3/21/2024,
171,Elwyn,Staker,estaker4q@i2i.jp,oU9%L+{1H@7|2r,10/12/2024,
172,Skip,De Andreis,sdeandreis4r@github.com,gI4+4S~.YMKjGRd,4/21/2024,
173,Miriam,Bartzen,mbartzen4s@diigo.com,iQ3~s+s2%WQ/*gwr,8/22/2024,
174,Carlin,O'Hagan,cohagan4t@dot.gov,"fT5{tbH9q7""`Qd",9/7/2024,
175,Skye,Yemm,syemm4u@nps.gov,"lW8~Tc""h""cfbZ8k",9/18/2024,
176,Israel,Giabucci,igiabucci4v@ifeng.com,yI4*{8s49Y,10/4/2024,
177,Bird,O'Connor,boconnor4w@pinterest.com,mM4>Lb99t,10/3/2024,
178,Rosa,De Benedetti,rdebenedetti4x@theglobeandmail.com,hF1.Dp'yGos,6/4/2024,
179,Bertrando,Bover,bbover4y@miibeian.gov.cn,"aL1>C*%O""ZWvjc",10/23/2024,
180,Ramonda,Wittering,rwittering4z@sfgate.com,oV4@I)/bk_RhpR,3/16/2024,
181,Peta,De Benedictis,pdebenedictis50@ucsd.edu,"uI3""6k""aIXh%GGwz",7/29/2024,
182,Ernest,Pateman,epateman51@discovery.com,rB0(Q&<.4z&xXLx,12/13/2023,
183,Olva,Monery,omonery52@sphinn.com,"bT6""U+jnjyR<",10/21/2024,
184,Correy,McNirlan,cmcnirlan53@usa.gov,kG4<+aPj6n3,4/4/2024,
185,Piotr,Mathiassen,pmathiassen54@cbc.ca,mU1(l7&((t(gC~K+,11/7/2024,
186,Alick,Innett,ainnett55@dion.ne.jp,lQ8|kvftZ/,8/18/2024,
187,Bourke,Rubinov,brubinov56@wsj.com,eA0#QCM8+pZw,4/12/2024,
188,Padraic,Penhearow,ppenhearow57@google.fr,"xL4@JfG$Sd""V@)",4/10/2024,
189,Vidovic,Jachimak,vjachimak58@bing.com,iD0'!aulfJK8lw,8/22/2024,
190,Taite,Harwin,tharwin59@hexun.com,jY9@aqY7<>uQP$,5/21/2024,
191,Jefferson,Tilbury,jtilbury5a@cdc.gov,rZ7`0%Fz1Rzow|U,7/30/2024,
192,Mimi,Collaton,mcollaton5b@yale.edu,uZ9|8G\j~<,4/28/2024,
193,Pren,Salliss,psalliss5c@ifeng.com,zU9=~DOgyMhs,2/4/2024,
194,Trever,Godard,tgodard5d@mozilla.com,"eP4""$FgXcIDNU,",8/12/2024,
195,Francisca,Wyrill,fwyrill5e@ucsd.edu,"vY5""/z.+el",6/21/2024,
196,Bill,Mardle,bmardle5f@msn.com,yP3/)r8.a$,1/24/2024,
197,Sharia,McCleverty,smccleverty5g@netvibes.com,mQ3~69K4#3,8/14/2024,
198,Bonny,Cartwight,bcartwight5h@creativecommons.org,"eO8'H(h,>tvD",7/5/2024,
199,Ciel,Everson,ceverson5i@stanford.edu,tJ4\rTEK'SF,3/22/2024,
200,Milton,Holsall,mholsall5j@xing.com,sH5)HmxEbO|F,5/7/2024,
201,Ana,Doone,adoone5k@scribd.com,"wJ7<,uHvPT8N\",8/15/2024,
202,Dex,Fairebrother,dfairebrother5l@comsenz.com,lX2~M~7Qs(kCbqm,9/14/2024,
203,Yvette,St. Pierre,ystpierre5m@census.gov,mR1=Mu@u`h.jZ,7/15/2024,
204,Roxana,Witherow,rwitherow5n@squarespace.com,cR7>g@bp=c#dLsp,11/5/2024,
205,Auberta,Carnew,acarnew5o@about.com,iP6!`GGM|%dr}g7S,5/12/2024,
206,Shea,Comolli,scomolli5p@stanford.edu,vW0'=weO/GRKA_CI,9/16/2024,
207,Ursola,Hancock,uhancock5q@t-online.de,zZ7%A#J6dRFsadWW,11/13/2024,
208,Chad,Treece,ctreece5r@barnesandnoble.com,yI2~2Xx$>ocs'$,12/5/2023,
209,Matelda,Deniseau,mdeniseau5s@nsw.gov.au,oY2)aD<}DM,10/30/2024,
210,Alessandro,Dowderswell,adowderswell5t@squarespace.com,gJ8`#oR<$(p&,2/28/2024,
211,Caresse,Tasker,ctasker5u@prweb.com,"kW3?./meg!""`F6Oi",10/24/2024,
212,Gilberte,Srawley,gsrawley5v@hubpages.com,bN1/p#dk9%,10/24/2024,
213,Maritsa,Howis,mhowis5w@weather.com,vG5}NA8N+?K,2/25/2024,
214,Nat,Dolohunty,ndolohunty5x@columbia.edu,jG5&$|*8a=mi%,2/20/2024,
215,Obadias,Han,ohan5y@weebly.com,bY6<dCB(M'\,9/8/2024,
216,Scarface,Dismore,sdismore5z@independent.co.uk,iH7)2!KE)ah.L!?t,12/31/2023,
217,Fraze,Maughan,fmaughan60@si.edu,fO2%Y>/_$,3/19/2024,
218,Alia,Maltster,amaltster61@zdnet.com,oO2?6lmU.<t1=mL,7/21/2024,
219,Maxy,Comusso,mcomusso62@acquirethisname.com,gT2%deMb8>A|3,3/8/2024,
220,Dori,Woolway,dwoolway63@so-net.ne.jp,"uM3%<QL""Vgtp+QJD",12/21/2023,
221,Corella,Pascall,cpascall64@netvibes.com,"yK2\`(W=>{,y",6/11/2024,
222,Gayle,Hamlen,ghamlen65@thetimes.co.uk,fA5=C9do(Z*,11/17/2024,
223,Page,Giannazzo,pgiannazzo66@gnu.org,"sX6""nRgIdr,",5/7/2024,
224,Jacky,Coalburn,jcoalburn67@is.gd,gB8%j+S!.Zn7,4/23/2024,
225,Gillian,McGlew,gmcglew68@statcounter.com,"aB9%8M35,M",2/26/2024,
226,Marin,Heppner,mheppner69@cbc.ca,"oF2??""}OuBy",7/22/2024,
227,Julienne,Noquet,jnoquet6a@163.com,eD9!|W.C\To,9/30/2024,
228,Harris,Pleming,hpleming6b@icio.us,yP8}2QV>s{,8/10/2024,
229,Lief,Lamburne,llamburne6c@myspace.com,wZ4@=NS%K,8/22/2024,
230,Kimbell,D'Ruel,kdruel6d@soundcloud.com,cT2<zAH$Z1D,6/16/2024,
231,Melisande,Wheatland,mwheatland6e@ucoz.com,dL8'IB?mwap>7,2/6/2024,
232,Gratiana,Moneypenny,gmoneypenny6f@biglobe.ne.jp,eX2?L'+/.A~,2/18/2024,
233,Monique,Bartelli,mbartelli6g@google.fr,wM8)JO$`XiFFhLuD,2/5/2024,
234,Myles,Seefeldt,mseefeldt6h@hugedomains.com,gL4+'WsT&>U,11/6/2024,
235,Gaby,Nani,gnani6i@baidu.com,"oZ1""IDfU?H""",2/28/2024,
236,Beverie,Bythway,bbythway6j@spiegel.de,mP5\NW*e\\01>Y,5/12/2024,
237,Jacinthe,Bauduin,jbauduin6k@tuttocitta.it,"cB2&,#(h",5/10/2024,
238,Jud,Rickets,jrickets6l@illinois.edu,zD9'JIKync<+u7,4/10/2024,
239,Noella,Copp,ncopp6m@ibm.com,hX3'6WUM`u`5ZLF,2/22/2024,
240,Cati,Varnes,cvarnes6n@ebay.com,fW9!p`b/)T7Sagi$,1/16/2024,
241,Cesare,Bufton,cbufton6o@google.cn,"vX2*yZuU""+\i",11/12/2024,
242,Trumann,Faulder,tfaulder6p@biglobe.ne.jp,oB2?qY(r,10/30/2024,
243,Margit,Biffin,mbiffin6q@is.gd,"zL9?@=Af`&v,LN7",2/22/2024,
244,Kearney,Gascar,kgascar6r@oracle.com,gP1{dM83&}Nw'm!3,5/18/2024,
245,Kitti,Kenningham,kkenningham6s@diigo.com,cR9|<gwgz{s',5/6/2024,
246,Deva,Tarbox,dtarbox6t@ft.com,dX5?xfRz#nRv,5/2/2024,
247,Gaston,Tidy,gtidy6u@gizmodo.com,dD4}bwwEDc>`,10/10/2024,
248,Rowan,Kording,rkording6v@redcross.org,bB9`e=_B1R',1/17/2024,
249,Tan,Mitford,tmitford6w@theguardian.com,uG4%!v|l7,5/13/2024,
250,Manuel,Sey,msey6x@npr.org,vL0)hD$jl,7/10/2024,
251,Maggee,Loffhead,mloffhead6y@nifty.com,"rQ8,""jhd}Q7",5/15/2024,
252,Doe,Rouke,drouke6z@loc.gov,xB7$b<<B\fO\vv_O,1/2/2024,
253,Packston,Sacher,psacher70@dyndns.org,"tO6{nJfT_@PoH,n",7/10/2024,
254,Hynda,Pashan,hpashan71@huffingtonpost.com,hJ1!87hA,7/31/2024,
255,Bradford,Edler,bedler72@over-blog.com,"dC5*j%d,m|VJXE&",9/4/2024,
256,Barnabe,Gomm,bgomm73@bloglovin.com,hH2{6HE9aLh,4/18/2024,
257,Coleman,Glanz,cglanz74@soundcloud.com,eP5+ebI3vw_hI,4/14/2024,
258,Hans,Race,hrace75@is.gd,zP6\8~N6LbO*iq4,3/20/2024,
259,Jacqueline,Rasor,jrasor76@ycombinator.com,qA2>SLWj,2/7/2024,
260,Emmit,Cresswell,ecresswell77@toplist.cz,hC7_O4M*P,5/26/2024,
261,Jessamine,Cradoc,jcradoc78@sfgate.com,"zB3${|,=VfB8zIDK",5/22/2024,
262,Kassey,Chinge de Hals,kchingedehals79@naver.com,vS8>d_RXq,9/13/2024,
263,Tyne,Pleager,tpleager7a@mashable.com,yR9/hx~aqE0,4/24/2024,
264,Venita,Bampfield,vbampfield7b@wisc.edu,qH4=Wg_j?rjliN,5/3/2024,
265,Bartie,Scarse,bscarse7c@xing.com,sX1%dzrx3,12/18/2023,
266,Kain,McKea,kmckea7d@macromedia.com,iS6}.noMM>%ud/eU,4/6/2024,
267,Pammie,Boss,pboss7e@npr.org,"gT5,~$uXFx.K",12/12/2023,
268,Vinni,Christiensen,vchristiensen7f@about.me,lQ4!vjjq'D3A$6,3/10/2024,
269,Nannie,Jozwik,njozwik7g@indiegogo.com,jW2@x3@n6co~v,7/11/2024,
270,Ash,Choupin,achoupin7h@goo.gl,xR1}#cBP!Jx~+p',2/23/2024,
271,Fredrika,Eager,feager7i@unicef.org,rG0#5UA>2%,11/13/2024,
272,Mike,Vertigan,mvertigan7j@google.ca,zG8~w=y(,5/9/2024,
273,Nicol,Alstead,nalstead7k@netscape.com,"gI2,fdy3\FQ%\",8/16/2024,
274,Sydney,Kielt,skielt7l@digg.com,kS4)pxW$78,10/21/2024,
275,Zacharias,Grigaut,zgrigaut7m@dailymail.co.uk,oW6<saceV,6/21/2024,
276,Horace,Wrankling,hwrankling7n@foxnews.com,lC8>W3tq,8/29/2024,
277,Daffy,Dumbrill,ddumbrill7o@blogs.com,gE6+XlMpQZ,9/30/2024,
278,Guinevere,McCutheon,gmccutheon7p@sphinn.com,"jG9""!u7bW)A,+4}",7/11/2024,
279,Amabelle,Bibey,abibey7q@weibo.com,eG5%S6I=,5/30/2024,
280,Rozella,Clemmen,rclemmen7r@multiply.com,rU2{sz6S,2/20/2024,
281,Kermit,Cashell,kcashell7s@github.com,mD1<{npx,10/25/2024,
282,Pascale,Spilsbury,pspilsbury7t@icio.us,"eU4""SAyUNO<",8/29/2024,
283,Robenia,Duff,rduff7u@mit.edu,pT6+&h%pGfeW%BHk,6/2/2024,
284,Aundrea,Emer,aemer7v@forbes.com,iA9=a8e!,1/5/2024,
285,Ferguson,Ebourne,febourne7w@virginia.edu,oY4&>1HZRa9kY,8/21/2024,
286,Nickey,Spratling,nspratling7x@ed.gov,vU1>*h6'(7fj,9/30/2024,
287,Roch,Klima,rklima7y@biblegateway.com,iS9~Lir<'IEAvxy,10/9/2024,
288,Madelena,Attfield,mattfield7z@xrea.com,dW3%<b_K\@}.a5,9/1/2024,
289,Dom,Schuelcke,dschuelcke80@360.cn,cM1`\~3fR,7/26/2024,
290,Elliott,Cowley,ecowley81@sohu.com,"zA1""e/|t%M9",11/18/2024,
291,Nessie,Frank,nfrank82@mlb.com,bO1>3c=J\CGN6O/X,7/10/2024,
292,Lynelle,Asee,lasee83@icq.com,pI5&YC.S%j,4/15/2024,
293,Adolph,Cutten,acutten84@merriam-webster.com,nW8{n>c%d35,1/23/2024,
294,Derrik,Izhakov,dizhakov85@merriam-webster.com,aZ3%HDG2Q{~,4/11/2024,
295,Gawen,Cawston,gcawston86@squidoo.com,wT7+Y'aDN4,7/4/2024,
296,Meade,Avent,mavent87@de.vu,fP8!EhmU8Za/C(K_,9/2/2024,
297,Shanta,Eastridge,seastridge88@shop-pro.jp,"mQ0,x=C=6CT#O?CY",8/30/2024,
298,Sisely,Stares,sstares89@blog.com,"tJ0,&4n+~ia|BP",9/27/2024,
299,Westleigh,Crowhurst,wcrowhurst8a@tripod.com,"eY7""i2d*",12/25/2023,
300,Hollyanne,Kenneford,hkenneford8b@adobe.com,"jJ1}(io""""",11/7/2024,
301,Morris,Ball,mball8c@cnn.com,gA8*5{aj}cp@Yb1,5/31/2024,
302,Kaile,Willans,kwillans8d@yolasite.com,gJ3$ftsHt4Y)+t,8/1/2024,
303,Jasun,Antony,jantony8e@howstuffworks.com,hR4&VPa(><,5/13/2024,
304,Roxanna,Tranter,rtranter8f@zimbio.com,xS1|yWE=,12/8/2023,
305,Elora,Lunck,elunck8g@tuttocitta.it,"zD6%""B8lFerF",12/26/2023,
306,Gilberte,Kenset,gkenset8h@dion.ne.jp,"lX6(`)HOgz,rZ(b8",4/16/2024,
307,Mignonne,Goold,mgoold8i@t-online.de,cQ5|\*Vr%?79i@,2/19/2024,
308,Abraham,Mersh,amersh8j@theguardian.com,hW6/lQ2<!'5gv,10/3/2024,
309,Ali,Surplice,asurplice8k@umn.edu,kC7|{}1Ilv'k`e6N,4/1/2024,
310,Anthony,Wallworth,awallworth8l@weibo.com,"uS2,t""(9BlA3+_",8/4/2024,
311,Ingmar,Figura,ifigura8m@t-online.de,"hE4+Bit}f,Wla",3/10/2024,
312,Lauraine,Giotto,lgiotto8n@scribd.com,yO2>ZRD2=9,11/12/2024,
313,Loni,Zottoli,lzottoli8o@amazonaws.com,"yG6,!ZSlD",4/3/2024,
314,Cornall,Clethro,cclethro8p@prlog.org,rW5_>i!''X!,5/8/2024,
315,Catherina,Snoxell,csnoxell8q@indiatimes.com,vV2&+_r7{,2/26/2024,
316,Grace,East,geast8r@google.cn,"dC3#W#C,""l&L&_/o",8/28/2024,
317,Frieda,Hambrook,fhambrook8s@dion.ne.jp,tN1%{+Z?,2/23/2024,
318,Cal,Foynes,cfoynes8t@techcrunch.com,oZ8{9=uY@q=q___@,2/13/2024,
319,Sonia,Wilne,swilne8u@nytimes.com,oA2&dr?boIOM,3/13/2024,
320,Filmer,Garford,fgarford8v@desdev.cn,zH3#oBq((%B,8/23/2024,
321,Courtney,Foulgham,cfoulgham8w@rediff.com,aH0{5#%=,3/8/2024,
322,Kendal,Saich,ksaich8x@patch.com,wF2?ckREJ4A>JY},12/31/2023,
323,Gonzalo,Oakwell,goakwell8y@unicef.org,aK6$bqhLI&`_73$s,12/24/2023,
324,Gustavus,Luddy,gluddy8z@timesonline.co.uk,uW9<Uz9IVAuloa_,2/12/2024,
325,Les,Lincoln,llincoln90@aboutads.info,hV8=aMrc$jJ,6/20/2024,
326,Etheline,Toman,etoman91@bing.com,oT9_(f/>S?b@,4/29/2024,
327,Trix,Snelson,tsnelson92@ow.ly,dC2*0W=(4,3/12/2024,
328,Trixie,Webborn,twebborn93@spotify.com,xG5>5#j%C$d,7/16/2024,
329,Lemmie,Krates,lkrates94@berkeley.edu,bL2)VgV$)Z1v,4/9/2024,
Goly,Giselle,Goly,ggoly95@vimeo.com,"pY5$ql\(fl~z""a8/",9/17/2024,
331,Orelee,Chetwind,ochetwind96@narod.ru,tF1*_6|ef4kM>=`,5/28/2024,
332,Matthus,Sherebrook,msherebrook97@naver.com,"aQ5""q=H`w@",6/24/2024,
333,Maible,Ticksall,mticksall98@mozilla.org,fG7*ZyDJ.hN,8/20/2024,
334,Bernhard,McFeat,bmcfeat99@jiathis.com,eD7?w|'ugvZ,10/1/2024,
335,Nil,Brechin,nbrechin9a@jiathis.com,oK8!~fMcq2`yfV,2/28/2024,
336,Lew,Wellwood,lwellwood9b@aol.com,fP9*X=4vev+E,10/31/2024,
337,Elisha,Constantine,econstantine9c@photobucket.com,qR9(J+g\y,7/15/2024,
338,Greg,Melluish,gmelluish9d@tripadvisor.com,gV7&C9LN7R),6/1/2024,
339,Clem,Arundale,carundale9e@hatena.ne.jp,"sD0""y""n~>g",5/27/2024,
340,Ivie,Blockey,iblockey9f@microsoft.com,"xP6%A""FA&|c>+,",10/31/2024,
341,Nikolaus,Trevascus,ntrevascus9g@linkedin.com,yN1?4FOL({{,7/27/2024,
342,Suzi,Wartnaby,swartnaby9h@latimes.com,qE2'm+/HUiAH,9/4/2024,
343,Rosabella,Lennon,rlennon9i@msu.edu,vO7@5Dzcv,2/24/2024,
344,Justus,Glennon,jglennon9j@buzzfeed.com,bY1<I@)%'k,7/2/2024,
345,Rana,Caistor,rcaistor9k@example.com,"hW3`MF""$r",3/17/2024,
346,Dunstan,Lobbe,dlobbe9l@jalbum.net,iL1/=OzN,2/2/2024,
347,Emelia,Callender,ecallender9m@linkedin.com,aN0~J&'.'PO3o!>,10/2/2024,
348,Jackquelin,Digman,jdigman9n@purevolume.com,oE4<c0$tQ.Tt,5/23/2024,
349,Marga,Cowdray,mcowdray9o@oakley.com,zL3!H%Yx6)D5R&,7/30/2024,
350,Cordelia,Goldberg,cgoldberg9p@slashdot.org,hK0#~|22`N`{,2/2/2024,
351,Umberto,Andriveaux,uandriveaux9q@wikimedia.org,iR2>v{{xHOAsQ%,9/21/2024,
352,Shelley,Fannin,sfannin9r@newyorker.com,fP0&'aBVy,10/11/2024,
353,Pernell,Pridgeon,ppridgeon9s@goo.gl,vH6##Ih}N6SRQL!r,10/5/2024,
354,Merwin,Petronis,mpetronis9t@printfriendly.com,hZ4+oDwz7pN,2/12/2024,
355,Ned,Chiverstone,nchiverstone9u@addthis.com,eQ2_1}gbT%Rd9,1/7/2024,
356,Sidonia,Hauxley,shauxley9v@examiner.com,lM1_$_*~cHXJ49YB,8/6/2024,
357,Yoshiko,Favela,yfavela9w@apple.com,yJ4(/eMA.bFlu{PK,11/28/2023,
358,Reinaldo,Verma,rverma9x@samsung.com,iO7(`a0O7&}K%!,9/20/2024,
359,Gussi,Dunthorn,gdunthorn9y@1688.com,"cD9},)F0,",8/22/2024,
360,Mikael,Bedle,mbedle9z@hatena.ne.jp,rY4}_cmkjYfh/,7/14/2024,
361,Daryle,Covelle,dcovellea0@omniture.com,fG3`3`5B'%c,10/10/2024,
362,Arie,Lockier,alockiera1@nifty.com,iT2~e+F3g,3/24/2024,
363,Elinore,Binding,ebindinga2@eepurl.com,wN3#_lpdG@,7/3/2024,
364,Carree,O'Hone,cohonea3@usda.gov,tZ5}sSo>fQXGw,10/5/2024,
365,Lorrie,Goomes,lgoomesa4@topsy.com,"zI7,ukFAnu@",9/28/2024,
366,Edy,Schwaiger,eschwaigera5@fda.gov,iK3`lw}iBz,11/27/2023,
367,Prudence,Birdwhistle,pbirdwhistlea6@topsy.com,xR4}SL>N,9/17/2024,
368,Carey,Baumer,cbaumera7@mysql.com,mS2@U9<al_X>u.=3,5/19/2024,
369,Lesli,Gilluley,lgilluleya8@alexa.com,qC6(c@f?,9/6/2024,
370,Iosep,Grigs,igrigsa9@sogou.com,nK5`0JVE#Ztl,6/19/2024,
371,Willi,Gilham,wgilhamaa@toplist.cz,sW7'jGznZ)cGR7sy,6/24/2024,
372,Silvain,Halvosen,shalvosenab@google.fr,hH9><mF{k,10/31/2024,
373,Lulu,Claesens,lclaesensac@cornell.edu,dG7)Q|STb<sD|~J.,10/14/2024,
374,Davon,Perutto,dperuttoad@arizona.edu,yN2~1a3OwQS.,12/1/2023,
375,Gar,Rothert,grothertae@pagesperso-orange.fr,xP7*rwJ)'O.3k,12/11/2023,
376,Algernon,Duester,aduesteraf@mapy.cz,gC5!p3RANdV2s1e,12/30/2023,
377,Anatola,Gever,ageverag@yolasite.com,"nS3\jO#<WcQpN,",11/1/2024,
378,Nikaniki,Mabone,nmaboneah@exblog.jp,iN5))\9SHlU)H8,6/13/2024,
379,Marie,Jakubowski,mjakubowskiai@studiopress.com,uA7'cR?#2bA=R)D,3/25/2024,
380,Bryon,Kew,bkewaj@canalblog.com,"jB3\XzpB,+hbC~.#",1/19/2024,
381,Wynn,Kendal,wkendalak@t.co,kH1=6y1o=e,3/31/2024,
382,Nariko,Usborn,nusbornal@hao123.com,eP2`Zuf5!F(,7/8/2024,
383,Roberta,Kippling,rkipplingam@samsung.com,xI0(Tm5Q,3/18/2024,
384,Francine,Swiers,fswiersan@sitemeter.com,sI7#~<styK%\&1*,2/17/2024,
385,Gwyn,Falck,gfalckao@unicef.org,wV7!Hv|V,9/10/2024,
386,Nicky,Kermeen,nkermeenap@toplist.cz,"oP6<pl5}x?g2""`",2/24/2024,
387,Griff,Hadkins,ghadkinsaq@biglobe.ne.jp,kV1<Ro&)K,3/13/2024,
388,Roby,Gimblet,rgimbletar@google.fr,"sA9,pDVX",3/30/2024,
389,Laurie,Ingry,lingryas@usgs.gov,"wL8%kdw?'~bk""=U",9/26/2024,
390,Andee,Kenderdine,akenderdineat@uol.com.br,xO5?Mgp?>h%A'AA,7/8/2024,
391,Maxie,Arkin,markinau@wired.com,rH4!+(3{i,9/10/2024,
392,Obediah,Timbridge,otimbridgeav@huffingtonpost.com,fV1{p#sV,2/9/2024,
393,Anna-maria,Housiaux,ahousiauxaw@netvibes.com,qI6~VNNSX/dbu),9/21/2024,
394,Antonetta,Cristoforetti,acristoforettiax@guardian.co.uk,mF7)BY1$S@/U}|,6/12/2024,
395,Kit,Staley,kstaleyay@i2i.jp,"kK1?vI"">",8/9/2024,
396,Clint,Bessant,cbessantaz@mediafire.com,uD6!HKf|V5e,11/13/2024,
397,Millie,Baumann,mbaumannb0@princeton.edu,"uQ6,i=2YpL)o}",8/11/2024,
398,Uta,Stain,ustainb1@yandex.ru,vX3!U<>!{ovQCc2,12/21/2023,
399,Erick,Hagan,ehaganb2@ox.ac.uk,"pR6/BZ/4dHoi*""{+",9/7/2024,
400,Valentin,Harlock,vharlockb3@state.tx.us,uH6*T1%N#a2ms*,1/13/2024,
401,Garreth,Rooze,groozeb4@jalbum.net,oT1%JP.7!5zwk,4/20/2024,
402,Verla,Alenov,valenovb5@nyu.edu,cJ5?oq8Kt\'}NH,2/21/2024,
403,Daryn,Look,dlookb6@google.cn,qM0$_cwSz0*,11/8/2024,
404,Alida,Arnau,aarnaub7@dedecms.com,wY2=!hh{\/k?Y*,3/18/2024,
405,Gordie,Pryn,gprynb8@admin.ch,"oN1{c,mU7RXY(k",10/11/2024,
406,Toiboid,Kelso,tkelsob9@ucoz.com,kY1&?Q4?K>G+{fk,3/28/2024,
407,Mara,Tipperton,mtippertonba@wikia.com,aW5+1aKw9VcZ_Q,3/15/2024,
408,Tillie,Sweett,tsweettbb@opera.com,yT2*1Y$lA3g,4/28/2024,
409,Anitra,Dripp,adrippbc@state.tx.us,yY7}>|f1Qpo$VUd$,8/22/2024,
410,Lucilia,Cardenoso,lcardenosobd@1688.com,sK0#cczK0,12/15/2023,
411,Kathi,Labat,klabatbe@chronoengine.com,pB6.YSi8xBp,3/3/2024,
412,Alison,Sommerville,asommervillebf@nhs.uk,bH3>4IsJ/ax1O,9/9/2024,
413,Sheba,Beany,sbeanybg@patch.com,vS5|F1b0z$@,8/17/2024,
414,Tadeas,Sail,tsailbh@admin.ch,"aU3+5,S~Y",7/21/2024,
415,Adolph,Schruyers,aschruyersbi@goo.ne.jp,jJ4.|rmZNd,5/25/2024,
416,Nikita,Djokic,ndjokicbj@goo.gl,"tA6<=kCg,U_c(sGM",2/29/2024,
417,Kitti,Worvell,kworvellbk@reuters.com,sY7_6QjSq,9/14/2024,
418,Algernon,Larcher,alarcherbl@wikimedia.org,"hQ6@=,4mCEg7,x(N",1/18/2024,
419,Crysta,Roll,crollbm@furl.net,eX5$_M>/JiBN%6_,8/23/2024,
420,Garret,Setford,gsetfordbn@hatena.ne.jp,"eG9_""i`$TZtdNiE",6/26/2024,
421,Sax,Larose,slarosebo@apple.com,xS5/w4ol#>LH|W,3/4/2024,
422,Odelle,Hebborn,ohebbornbp@prlog.org,"qV8)%h1}/C}ND9I""",3/5/2024,
423,Violet,Hincham,vhinchambq@instagram.com,"pL6?`wbv,g",9/19/2024,
424,Wilmar,Jansson,wjanssonbr@unesco.org,fI6)zoDBQmT,1/31/2024,
425,Conrade,Ghirardi,cghirardibs@wired.com,yM9<l%s5?wQhI=mt,5/1/2024,
426,Tania,Caldero,tcalderobt@vinaora.com,"oB4""S#ajREI\k/yU",6/2/2024,
427,Garwood,Tanswell,gtanswellbu@about.me,kP6`4/HSkQss\.F,7/26/2024,
428,Enoch,Tuffley,etuffleybv@skyrock.com,dV6$eW)|2uau~isU,11/15/2024,
429,Bail,King,bkingbw@is.gd,"iU4.RS""@YOqLhx",2/1/2024,
430,Fitzgerald,Looby,floobybx@digg.com,"vG4`7tG""|W",10/29/2024,
431,Dani,Truesdale,dtruesdaleby@youtube.com,"iB8.""OE=""#cAVu9",12/29/2023,
432,Noemi,Cockroft,ncockroftbz@netlog.com,nJ0}>R6s),10/26/2024,
433,Neill,Brine,nbrinec0@disqus.com,"kJ6{,XHwo'!",9/19/2024,
434,Herschel,Fellgett,hfellgettc1@rakuten.co.jp,fX1\?E(~/%3tr,10/22/2024,
435,Ethelyn,Cullagh,ecullaghc2@1688.com,"kY3,f#!_+R&qYn$\",3/23/2024,
436,Ulrike,Pepineaux,upepineauxc3@bigcartel.com,"sK6.s""C=kf!s)5""r",11/27/2023,
437,Amye,Agirre,aagirrec4@google.fr,wL2#g/J_aLx2,1/15/2024,
438,Nicoline,Sartin,nsartinc5@wisc.edu,qM8!QLf'#U5,7/3/2024,
439,Haleigh,Rowly,hrowlyc6@netlog.com,sY0%sHRo6*Y+lSvJ,7/2/2024,
440,Vere,Bramer,vbramerc7@dell.com,mV0$.uYJ'S~u79>,6/23/2024,
441,Lynde,Fattorini,lfattorinic8@webeden.co.uk,"yW7""gUXEm%=I/",11/29/2023,
442,Aloisia,Brixey,abrixeyc9@imdb.com,lX6`Xhh~F2u\s+t,12/18/2023,
443,Giulia,Di Bernardo,gdibernardoca@jugem.jp,yR3<TK1KAqq,12/21/2023,
444,Ham,Josling,hjoslingcb@geocities.jp,"gU5!dDzwuVpKZ,",5/1/2024,
445,Moina,Dougliss,mdouglisscc@chicagotribune.com,cL6$ySgvbPW!,7/17/2024,
446,Brandea,Victoria,bvictoriacd@tamu.edu,"jF5}yQ0eUV,$xZ",11/11/2024,
447,Gabrila,O'Lehane,golehanece@php.net,lZ3`67{)0?V/,4/1/2024,
448,Nike,Godwyn,ngodwyncf@netscape.com,"bE4""Q2Q,",9/11/2024,
449,Talia,Hixson,thixsoncg@samsung.com,kQ2.e~kO,10/10/2024,
450,Teena,Ionnidis,tionnidisch@weebly.com,iH6!'q+Do0,12/26/2023,
451,Web,Niblock,wniblockci@independent.co.uk,pK4<Bvfl7}qDB,7/1/2024,
452,Clerkclaude,Shenton,cshentoncj@fastcompany.com,fW5!!NtSSIw,6/19/2024,
453,Leif,Staining,lstainingck@linkedin.com,tZ8>7&sd!bk,11/21/2024,
454,Thacher,Ingilson,tingilsoncl@army.mil,"jP3""YE+%i",11/12/2024,
455,Clarine,Gobell,cgobellcm@moonfruit.com,cV2##TodeqU%%<sZ,12/29/2023,
456,Odelle,Daynter,odayntercn@auda.org.au,nA3=M/Y$R3,3/2/2024,
457,Walt,Thoresby,wthoresbyco@miitbeian.gov.cn,dV7<_qNrL)dBA$y,7/23/2024,
458,Cad,O'Duggan,coduggancp@purevolume.com,zG4\hRI?vsIbt,8/16/2024,
459,Tomas,Cottam,tcottamcq@altervista.org,"tY3}&,f`,sl",10/18/2024,
460,Ginelle,Dyball,gdyballcr@twitter.com,zU8&g)JrQ'!yyH)j,3/11/2024,
461,Ode,Gamil,ogamilcs@twitpic.com,eM3#i.%~UDwQ,2/5/2024,
462,Jyoti,Ankrett,jankrettct@symantec.com,"nX3,Dk2U(qms",6/22/2024,
463,Gert,Routh,grouthcu@macromedia.com,"yE8|2,4y",6/12/2024,
464,May,Cardwell,mcardwellcv@dyndns.org,gI0{+oOVabh,11/5/2024,
465,Torr,Strippling,tstripplingcw@amazon.com,lI6_}H#A_oI,9/10/2024,
466,Ailee,Bosward,aboswardcx@washingtonpost.com,"pX8{,)PqLZ_A",5/25/2024,
467,Welbie,Murch,wmurchcy@prnewswire.com,"kK7""=#n|la1e",12/30/2023,
468,Fernanda,Bleue,fbleuecz@mtv.com,"uH6(""(!UD@=.",5/17/2024,
469,Bibbye,Lonnon,blonnond0@feedburner.com,aU6<6*~~cnU`!$_,7/13/2024,
470,Lisle,Stammirs,lstammirsd1@illinois.edu,wG4)Klpb,10/26/2024,
471,Edyth,Jills,ejillsd2@pcworld.com,aT6*sbRu9B,1/16/2024,
472,Lyman,Bamsey,lbamseyd3@chron.com,sY3<>Hiv8}e$,2/26/2024,
473,Louis,Kiddle,lkiddled4@alibaba.com,wK6*96<WGCX/e,12/9/2023,
474,Faber,Cahn,fcahnd5@loc.gov,jI3<o>A(Kuhc<g,11/21/2024,
475,Sosanna,Turtle,sturtled6@usgs.gov,zD5>xU9/Z,2/9/2024,
476,Mikol,Denning,mdenningd7@ucsd.edu,"bD4||_&u5""Y4\PeT",6/13/2024,
477,Arnuad,Volk,avolkd8@wiley.com,cD4@xnQ1WP|9wF'{,9/24/2024,
478,Dukey,Keese,dkeesed9@dell.com,bJ5#Dc08A(*TO/,11/11/2024,
479,Deva,Coggeshall,dcoggeshallda@globo.com,"hY1*W""i*dp}|Jx",6/29/2024,
480,Ezmeralda,Dunmore,edunmoredb@dell.com,lG0@hfAMvbF.,10/31/2024,
481,Wells,Gimblet,wgimbletdc@topsy.com,"qB0<D~Xk(q$,dS|*",8/31/2024,
482,Kliment,Edards,kedardsdd@ehow.com,dH2=$G1o0QIr1\ze,3/17/2024,
483,Alla,D'Arrigo,adarrigode@godaddy.com,"hG5,CdrtUVy~j",10/1/2024,
484,Sharlene,Maffeo,smaffeodf@wordpress.org,hV3~7w_M}qK,10/29/2024,
485,Taryn,Trevers,ttreversdg@g.co,cG1!fAhV@{M>,7/6/2024,
486,Kienan,Lapsley,klapsleydh@opensource.org,lK3\f}=UWds%=?,2/16/2024,
487,Martie,McCuthais,mmccuthaisdi@shutterfly.com,cS1`8*SgXd@Q,4/17/2024,
488,Bard,Franz-Schoninger,bfranzschoningerdj@ebay.com,pY8+(Ev}eL8,7/15/2024,
489,Gerti,Outram,goutramdk@amazonaws.com,jQ0+YRQ!,4/10/2024,
490,Madelle,Dillestone,mdillestonedl@hao123.com,fG0%1N)cC~h$+lj,6/7/2024,
491,Jenifer,Streeten,jstreetendm@amazon.de,rX6<5UDww.!w6rt,3/14/2024,
492,Merl,Tomsett,mtomsettdn@netlog.com,yI6!EY%'~K7z,2/15/2024,
493,Johnath,Ancell,jancelldo@pcworld.com,tP6(u|y/wW,12/31/2023,
494,Glen,Bedder,gbedderdp@gnu.org,jK8'}{a7?$,1/31/2024,
495,Stacie,Shaefer,sshaeferdq@examiner.com,dY9*n3(P(df$Mm,12/1/2023,
496,Danny,Stibbs,dstibbsdr@globo.com,uV6=K2cwm?,3/23/2024,
497,Charles,Sawell,csawellds@over-blog.com,sE6{vFrpAM_,11/24/2024,
498,Leona,Leman,llemandt@etsy.com,iG2%9.qnY\|jLgS,7/10/2024,
499,Ida,Wesson,iwessondu@ed.gov,oW8$Cr9!QhD2Q,5/31/2024,
500,Maddi,Birrane,mbirranedv@tinyurl.com,"rI8""C3Jp5",5/16/2024,
501,Lila,Conaghy,lconaghydw@blog.com,"iO1""may=Z",12/7/2023,
502,Lindsay,Scardifeild,lscardifeilddx@smugmug.com,"nI5$4PIk,W",5/22/2024,
503,Betteanne,Ortzen,bortzendy@webs.com,"mX9""qhx!b@43E",1/12/2024,
504,Aylmar,Klampt,aklamptdz@drupal.org,iM5`2mr=`iI54m+,6/19/2024,
505,Tadeas,Cullingworth,tcullingworthe0@facebook.com,lY2}6?U61@N4Eh<,9/10/2024,
506,Diahann,Bugbird,dbugbirde1@mtv.com,"gU2""{pmy'|P8",4/14/2024,
507,Camel,Jermyn,cjermyne2@usatoday.com,pD0{uMfaE`oU,8/7/2024,
508,Gayla,Corbet,gcorbete3@phoca.cz,qV6)&Bn*=PGJQ4S4,6/15/2024,
509,Eolande,Linthead,elintheade4@aboutads.info,dE5'aCi4Gwm,4/22/2024,
510,Pedro,Effaunt,peffaunte5@people.com.cn,"wA6""o?8@CsK,8",5/15/2024,
511,Wandie,Causon,wcausone6@craigslist.org,wF7@c*d=#&JPY),3/3/2024,
512,Etienne,Bilam,ebilame7@netscape.com,wC9?5d/+HN`&~2Y,4/3/2024,
513,Ernie,Gravestone,egravestonee8@latimes.com,zX8%>v@tP2z$WM,4/15/2024,
514,Laurene,Ducham,lduchame9@ameblo.jp,"cO0""7oTa!}",7/6/2024,
515,Jimmie,Janusik,jjanusikea@360.cn,hR2_SXTl'wz?t~EP,4/17/2024,
516,Ewart,Hylton,ehyltoneb@bizjournals.com,yM3*8P+K{aaS,11/7/2024,
517,Con,Bowart,cbowartec@rediff.com,tR2_cA9miT,12/11/2023,
518,Ashien,Papaminas,apapaminased@facebook.com,uQ4@q(6Ua1$,5/21/2024,
519,Glen,Rablen,grablenee@naver.com,aA1/U=l>Yck*d,9/11/2024,
520,Brigitte,Meldrum,bmeldrumef@youtube.com,hE5+E1Y8,4/20/2024,
521,Elise,Tackes,etackeseg@mit.edu,dO1@22o<(,7/19/2024,
522,Cedric,Rupp,cruppeh@hud.gov,nO0\Tslne>c!<b,10/23/2024,
523,Augustine,Crozier,acrozierei@cdbaby.com,iV4@E6?(XSHMO~e,1/8/2024,
524,Malory,Somerfield,msomerfieldej@pcworld.com,eN3+njJ6d|~!*+,2/8/2024,
525,Alena,Warton,awartonek@yandex.ru,aK2#$AsGC,9/16/2024,
526,Booth,Eccleston,becclestonel@tinyurl.com,yZ6@taaEAnxGhj`*,8/26/2024,
527,Wini,Gouch,wgouchem@altervista.org,hN7<J%X%(c',1/27/2024,
528,Joycelin,Bedle,jbedleen@a8.net,"tU6""fL""MeGYNJQ",11/7/2024,
529,Myra,Bascomb,mbascombeo@friendfeed.com,wC7/1f/jS{,1/11/2024,
530,Fabio,Lloyds,flloydsep@51.la,cT3`K>lS&w~G,4/7/2024,
531,Melita,Seacombe,mseacombeeq@amazonaws.com,yG3`z0UzxrdH(,4/23/2024,
532,Kahaleel,Busher,kbusherer@yale.edu,"xB1,FL$,kJ*m",1/20/2024,
533,Hayes,Whitloe,hwhitloees@tamu.edu,"nG8/C%mnU+,XwCm",12/30/2023,
534,Adda,Dabbs,adabbset@blog.com,pY3>LLNmD|3,11/30/2023,
535,Dione,Jeskins,djeskinseu@merriam-webster.com,uY1%}|hH0Cb5d,8/11/2024,
536,Kiersten,Kersting,kkerstingev@about.me,zQ5%`=xqw%sc_,11/24/2024,
537,Cord,Hartzog,chartzogew@privacy.gov.au,mY3\`abK,5/15/2024,
538,Davin,Durden,ddurdenex@jugem.jp,"gS2/,rGI>e}E",2/3/2024,
539,Papagena,Coppard,pcoppardey@newyorker.com,tZ7'UOTu/2?,12/29/2023,
540,Kennett,Shilton,kshiltonez@upenn.edu,"lH6(/GXMKI7HS,7$",5/31/2024,
541,Trefor,Schumacher,tschumacherf0@yolasite.com,"zH4,T6eK__En9ecO",9/29/2024,
542,Chrystal,Mattaus,cmattausf1@bluehost.com,"lT8)&""Q6.rMX",11/3/2024,
543,Philly,Feltham,pfelthamf2@google.fr,yX0~!nCy_vw2np@,12/4/2023,
544,Alexandrina,Arpin,aarpinf3@ow.ly,lS5*4|N\k.~xRWJ!,7/24/2024,
545,Rochester,Manjot,rmanjotf4@addtoany.com,dW0%<eOsdUX')`u,6/20/2024,
546,Libby,Milam,lmilamf5@bbb.org,"nJ7!0GY4k47A,e",8/7/2024,
547,Mahmud,George,mgeorgef6@gnu.org,mH1%1'zz,4/2/2024,
548,Phip,Bergeon,pbergeonf7@ucoz.ru,"yD5""w6*~gK'HS{.j",8/1/2024,
549,Shir,Jacomb,sjacombf8@loc.gov,sW2}9VJx|TS,2/14/2024,
550,Mose,Board,mboardf9@geocities.jp,vV0_>GA~P}HGM,7/4/2024,
551,Courtney,Fabbri,cfabbrifa@livejournal.com,zK4>6Kpby2TP>,1/24/2024,
552,Edik,Hawley,ehawleyfb@shareasale.com,lR5!K$(rZSE<,1/19/2024,
553,Kain,Sam,ksamfc@t.co,"qX4""zboTNkQ6\c&b",8/30/2024,
554,Morganne,Ide,midefd@php.net,uR7>PYF4!n%,4/9/2024,
555,Sherwin,Woodier,swoodierfe@clickbank.net,tU8}=v=0H,8/5/2024,
556,Florette,Meldon,fmeldonff@booking.com,"rF8%Py=k""_",8/16/2024,
557,Mayer,Metson,mmetsonfg@discovery.com,bN7)IhfJjAu(TZwl,8/22/2024,
558,Benita,Tschiersch,btschierschfh@ibm.com,dI0%1WAC$,1/24/2024,
559,Zelig,Osbaldstone,zosbaldstonefi@soup.io,"dS5=!x"".s*g",4/8/2024,
560,Angela,Batalle,abatallefj@jigsy.com,jY8*BFg6>@0O}8$g,2/15/2024,
561,Gaston,Halksworth,ghalksworthfk@surveymonkey.com,rS3$%Jkm*lm|Fn&,11/24/2024,
562,Conant,Putton,cputtonfl@naver.com,sH7.VPJ4PNy8\2dO,12/23/2023,
563,Jarrod,Guerrero,jguerrerofm@wiley.com,tP8=N(L*doyV,11/11/2024,
564,Blaine,Summerrell,bsummerrellfn@bbb.org,jN1>g&KsT,11/2/2024,
565,Noe,Buer,nbuerfo@unesco.org,lU4_{bsGtm6NU,9/30/2024,
566,Thorin,Nottingam,tnottingamfp@amazon.com,vP0>MP(~wjtM*D8@,5/19/2024,
567,Kennan,Spadeck,kspadeckfq@pcworld.com,nJ5*E_pKPWX9/w*B,5/23/2024,
568,Jacquelin,Pember,jpemberfr@redcross.org,sO4_&*UGELQ,3/29/2024,
569,Dillon,Stathor,dstathorfs@sohu.com,cW1_n`>5,6/24/2024,
570,Sherlock,Fawke,sfawkeft@squidoo.com,wI8+#bpBhg,11/16/2024,
571,Niki,Tibbles,ntibblesfu@craigslist.org,cX0_3rVlJ>=&>,10/20/2024,
572,Mead,Kieff,mkiefffv@chicagotribune.com,"zG6""K='P3{",10/30/2024,
573,Madelina,Fawdry,mfawdryfw@nytimes.com,yT4`}N\g%,7/24/2024,
574,Carolyn,Klimov,cklimovfx@intel.com,nZ2!G}eJ=n}BZE,4/10/2024,
575,Deck,Dabels,ddabelsfy@ox.ac.uk,gI7@CjR|,11/5/2024,
576,Oswald,Poon,opoonfz@telegraph.co.uk,"vY0$g""cWP",1/29/2024,
577,Keary,Gammack,kgammackg0@java.com,"yU2*9x""h~hmP",12/31/2023,
578,Vidovik,Reneke,vrenekeg1@tamu.edu,"qL1""WHNj",11/26/2023,
579,Jeffy,St. Leger,jstlegerg2@answers.com,"oR4|x<($%?7f%Rt""",3/16/2024,
580,Jenny,Joblin,jjobling3@goo.ne.jp,pE2&<@G/nDEc90,2/2/2024,
581,Seana,Godier,sgodierg4@macromedia.com,aA0$6~9sHl5|Qi,12/24/2023,
582,Curt,Wayper,cwayperg5@sun.com,cM3=!j=o,6/4/2024,
583,Tully,Biddlestone,tbiddlestoneg6@squarespace.com,"gQ2}>z,""8i~@",2/4/2024,
584,Bertina,Phalip,bphalipg7@scientificamerican.com,oX7*CS}4#,4/12/2024,
585,Ramsey,Poplee,rpopleeg8@europa.eu,bP4\*qL%1i9&6,2/4/2024,
586,Evelyn,Shurrocks,eshurrocksg9@cloudflare.com,mU8(0FG!Gq4Ad(6,7/16/2024,
587,Jerald,Jeffery,jjefferyga@epa.gov,"uE6?Od$,?fodx",6/6/2024,
588,Glenine,Shorten,gshortengb@dailymotion.com,lG3|?0l+,9/26/2024,
589,Filbert,ducarme,fducarmegc@topsy.com,"uV1""""|8lv",12/16/2023,
590,Adara,Sindle,asindlegd@rambler.ru,eO6`s$8zRrT`,6/17/2024,
591,Cam,Banthorpe,cbanthorpege@google.de,fV6.p\YAp}9`\O,3/6/2024,
592,Heddi,Brownhill,hbrownhillgf@illinois.edu,aL4~di/K,5/11/2024,
593,Staford,Cornhill,scornhillgg@oaic.gov.au,uG3!}LxJvd'y,2/11/2024,
594,Carlyn,Stirrup,cstirrupgh@wisc.edu,aX2{*WzO,4/14/2024,
595,Amery,Barstock,abarstockgi@com.com,tV6'!=V4AasV,9/16/2024,
596,Rustin,Mundwell,rmundwellgj@omniture.com,tP5@aq9#3<`We,8/29/2024,
597,Moore,Volker,mvolkergk@amazon.de,"xQ9{+s)""aE",4/30/2024,
598,Auguste,Maddrell,amaddrellgl@sfgate.com,iE3.IZtfg,12/17/2023,
599,Josey,Yanez,jyanezgm@marketwatch.com,hP2`(moSx0i?,12/7/2023,
600,Cher,Python,cpythongn@issuu.com,"kD9(""9h?E!#",4/1/2024,
601,Claus,Malbon,cmalbongo@simplemachines.org,bO9@BwC}BY?oMbw,5/25/2024,
602,Elonore,Semrad,esemradgp@studiopress.com,"yD4,uj>1rMy",9/14/2024,
603,Laurens,Matusson,lmatussongq@engadget.com,nR5&CWI/r,12/30/2023,
604,Ainslee,Walkden,awalkdengr@joomla.org,"jB7?,BRmlwNUkeq",4/8/2024,
605,Mary,Roistone,mroistonegs@ebay.co.uk,lO9%tE).3c/,7/22/2024,
606,Galen,Shailer,gshailergt@wiley.com,kJ1\*Jae<n95U,8/27/2024,
607,Dud,Born,dborngu@vkontakte.ru,"dS2*P!{,",1/4/2024,
608,Caryn,Mival,cmivalgv@examiner.com,xZ5&3HMGz2#w%,3/19/2024,
609,Orelle,Scollan,oscollangw@addthis.com,sK1'a5Di,12/27/2023,
610,Hynda,Demoge,hdemogegx@technorati.com,"tH5`""d1l%lE<X/",5/20/2024,
611,Deni,Kytley,dkytleygy@mail.ru,"rS9,CTCdAStKB,}G",12/8/2023,
612,Deane,Jensen,djensengz@oracle.com,gP0/L)!*cFxelQ39,2/4/2024,
613,Ayn,Darte,adarteh0@globo.com,vB4~cdOTbixSx(,6/28/2024,
614,Arline,Silvermann,asilvermannh1@addthis.com,"bH0?q4""st,",3/26/2024,
615,Bertram,Blackley,bblackleyh2@fda.gov,yR2>qg?LSXq,7/15/2024,
616,Cecilio,Ziemke,cziemkeh3@barnesandnoble.com,hK6$9O>fc_#NO,8/3/2024,
617,Wren,Drohun,wdrohunh4@virginia.edu,nA0{kn(y&+x5Rn,9/14/2024,
618,Leisha,Tripcony,ltripconyh5@howstuffworks.com,qA8<VG!7,8/19/2024,
619,Ruddy,Twitty,rtwittyh6@ucla.edu,nP2)L4S!?9tH,2/6/2024,
620,Jed,Grenfell,jgrenfellh7@npr.org,yY0..vW/>{v,10/1/2024,
621,Jessie,Towlson,jtowlsonh8@wunderground.com,nC4~FeSOF,8/10/2024,
622,Barr,Shipston,bshipstonh9@cnet.com,rU4)8K'8x<',11/22/2024,
623,Norah,McDirmid,nmcdirmidha@bizjournals.com,"nT7!I8+)""jBK",1/10/2024,
624,Rose,Blandford,rblandfordhb@slate.com,zK3=g(u_vBl6Z.},10/5/2024,
625,Opaline,Hickin,ohickinhc@bloomberg.com,jI3=VvnkZ)6F6s=,12/29/2023,
626,Thomasine,Fetherston,tfetherstonhd@businesswire.com,lG6&x4nJ2vT,2/28/2024,
627,Jaquith,Decent,jdecenthe@paginegialle.it,"jO8&\8G!NZ\""",1/5/2024,
628,Patton,Chettoe,pchettoehf@utexas.edu,kT2~m*GU,12/20/2023,
629,Buddie,Hankinson,bhankinsonhg@vinaora.com,dS0.%fpgNwa.2s,6/24/2024,
630,Tansy,Rudge,trudgehh@discuz.net,jO3~!A@*'&4VpIF,6/4/2024,
631,Jerry,Whyatt,jwhyatthi@wufoo.com,"zM9`=8nw,~`gsz(",7/13/2024,
632,Rozelle,Loughran,rloughranhj@google.ca,rL2?KVN(&1Jm2Z}q,9/19/2024,
633,Ramon,Philpault,rphilpaulthk@mit.edu,zH8|'K)Btm,8/3/2024,
634,Alma,Wooding,awoodinghl@columbia.edu,"aI2{|psk""G8>'uy!",9/24/2024,
635,Maxwell,Marten,mmartenhm@furl.net,"lG4""Bq)a",12/26/2023,
636,Milissent,Jasik,mjasikhn@oakley.com,tZ7}Zt{~by}.$7b,12/6/2023,
637,Helge,De Paoli,hdepaoliho@usda.gov,gO9<xyxutMj~ZJ$,2/15/2024,
638,Lawrence,Jacobi,ljacobihp@independent.co.uk,hQ5$G)\a,1/20/2024,
639,Candy,Worton,cwortonhq@tinyurl.com,xN1/Pt?'w,1/6/2024,
640,Carlina,Blakeslee,cblakesleehr@hud.gov,eK3~FifS.4gP,12/7/2023,
641,Cynthea,Danbye,cdanbyehs@hatena.ne.jp,dA2)k<?g,10/17/2024,
642,Lettie,Tubridy,ltubridyht@histats.com,tI6=GGulJO,11/24/2024,
643,Agna,Gilhouley,agilhouleyhu@shinystat.com,uC0#k'a6,11/22/2024,
644,Bent,Marson,bmarsonhv@chicagotribune.com,dU4_\N'23,4/25/2024,
645,Bram,Masic,bmasichw@dedecms.com,"pC3?Cv,Pz*~SU",11/25/2023,
646,Luis,Sitch,lsitchhx@army.mil,xD5&6&lYJ?,12/28/2023,
647,Grantham,Bellin,gbellinhy@java.com,mY1@3K~3}BnmMRl,11/1/2024,
648,Kristyn,Mulliner,kmullinerhz@dropbox.com,xS0$SxE?0ic)25\,2/28/2024,
649,Selia,Agus,sagusi0@time.com,sJ3`nU6B84R<t(KS,4/22/2024,
650,Eugine,Abrams,eabramsi1@patch.com,oE8<'a)`SA}5Q,2/6/2024,
651,Britta,Blankhorn,bblankhorni2@usa.gov,"dZ2!p""A9#",2/15/2024,
652,Corrine,Aireton,cairetoni3@blog.com,"lO5?j""J""zY/FEpSV",1/9/2024,
653,Lilia,Ingram,lingrami4@meetup.com,gA3={}R'2Fc*tj,8/18/2024,
654,Cele,Dwyr,cdwyri5@addtoany.com,"pI3,LZhrgXK9gm",12/18/2023,
655,Evelin,Gadsden,egadsdeni6@omniture.com,zF3+E=/0J+6}E,3/2/2024,
656,Cesya,Romi,cromii7@symantec.com,"lB7#V"",UpZu~",1/31/2024,
657,Natka,Briscow,nbriscowi8@cloudflare.com,"mJ7{j.U/,{nT_=",6/20/2024,
658,Leland,Merchant,lmerchanti9@lycos.com,qL6+aB>)v,12/12/2023,
659,Mead,Lawrie,mlawrieia@ameblo.jp,"bX6*W""mzQj`F&",5/25/2024,
660,Ariadne,Sevitt,asevittib@icio.us,"lF3`H2Z"".NO>u",8/6/2024,
661,Germana,Soda,gsodaic@mediafire.com,iG2/q8kp|,7/8/2024,
662,Fionna,Schirach,fschirachid@usda.gov,sC4%P~N+,5/9/2024,
663,Dav,Stoneman,dstonemanie@soup.io,fM2$b@_eqA3,7/26/2024,
664,Larry,Ellwell,lellwellif@aboutads.info,lA8}X4@CLCJ81,7/4/2024,
665,Orlando,Seamons,oseamonsig@cnn.com,rE2!4wHQS@hquRb,9/19/2024,
666,Harlin,McDiarmid,hmcdiarmidih@parallels.com,"oZ3`jR~H+2M,#T",12/14/2023,
667,Suki,Powles,spowlesii@stanford.edu,aH2_czs%H+.8$,10/9/2024,
668,Wadsworth,Szantho,wszanthoij@reddit.com,jA3'?RU*D,1/28/2024,
669,Boris,Merdew,bmerdewik@sun.com,tC6\q{aHUR=0+,9/21/2024,
670,Christiano,MacKill,cmackillil@blog.com,gV6!tk%zo=<K+u@,4/2/2024,
671,Cookie,Crumley,ccrumleyim@ucsd.edu,"jA9=Ht?p""kB""r",9/6/2024,
672,Anthea,Shephard,ashephardin@alexa.com,fH5<p+#NZ,5/23/2024,
673,Ollie,Gothliff,ogothliffio@sphinn.com,cS5&1Jd8|,2/29/2024,
674,Elianora,Kimble,ekimbleip@miitbeian.gov.cn,fW3/klPrR`v,10/2/2024,
675,Peri,Longstreeth,plongstreethiq@ucsd.edu,"pJ4`*uJ&,eP?K",8/14/2024,
676,Kandace,Cursey,kcurseyir@furl.net,bP4?/Zz2&Q)c,4/9/2024,
677,Rubin,La Torre,rlatorreis@google.ca,jA8_{WKXti,1/12/2024,
678,Hubert,Milverton,hmilvertonit@gov.uk,hR9!``_kzlD&F,7/4/2024,
679,Elias,Ackermann,eackermanniu@who.int,wU9+W/?s7SonbC=,1/27/2024,
680,Nada,Hothersall,nhothersalliv@angelfire.com,fQ8<3has,4/30/2024,
681,Josefina,Rymmer,jrymmeriw@about.me,qV9'Q'NI7JAe,10/1/2024,
682,Cassandra,Domoni,cdomoniix@wordpress.org,"rU2%,""n5{#QG",4/25/2024,
683,Patrice,MacDiarmid,pmacdiarmidiy@toplist.cz,iB1~L9?|zK,8/4/2024,
684,Dory,Jiles,djilesiz@craigslist.org,jH7|%UG&XUe@+dz,3/26/2024,
685,Madelena,Vanezis,mvanezisj0@epa.gov,"tU8,/i"">L2yec",12/16/2023,
686,Clarine,Pessler,cpesslerj1@vinaora.com,"oE5`C.CL,4A6*%",2/13/2024,
687,Kessiah,Ferreri,kferrerij2@shareasale.com,aA5~7Gk@,5/25/2024,
688,Liliane,Vallis,lvallisj3@ezinearticles.com,mJ9#GGjy'g\hK,10/26/2024,
689,Angelika,Nelsey,anelseyj4@imgur.com,jV8/|jtoSRZ|XL8,11/16/2024,
690,Gaspard,O' Finan,gofinanj5@desdev.cn,mQ7@wMXzk`faC,8/29/2024,
691,Stephanie,Teresi,steresij6@skyrock.com,aE6$.aCOXs&,5/6/2024,
692,Jacki,Dunkerton,jdunkertonj7@i2i.jp,cH6>m/?=aWpw65,3/17/2024,
693,Esme,Mowsley,emowsleyj8@live.com,gC1#>tL6{FJ6RC,4/13/2024,
694,Paxton,Tattersall,ptattersallj9@webeden.co.uk,vK0<=A6m!*ZUhw1e,12/25/2023,
695,Dehlia,Gravett,dgravettja@mapquest.com,"lY6,ZU=m",5/31/2024,
696,Lorin,Pesterfield,lpesterfieldjb@bloomberg.com,cL4>'nZ8I@a6\,7/26/2024,
697,Sharon,Kynett,skynettjc@google.co.uk,yT2%Jn_3.!A,8/14/2024,
698,Miltie,Ivashinnikov,mivashinnikovjd@4shared.com,yO9_D3.k,8/31/2024,
699,Donall,Skuce,dskuceje@techcrunch.com,uE2/a&Hl,10/31/2024,
700,Jillie,Cicetti,jcicettijf@tinypic.com,yY1)Y2~w2K,3/17/2024,
701,Lonny,Kemer,lkemerjg@ca.gov,"mK8#DF4$/va_,!>#",6/30/2024,
702,Ludvig,Bollon,lbollonjh@yellowbook.com,yS2|ef*>l@,3/21/2024,
703,Hilliard,Brommage,hbrommageji@businessinsider.com,kZ2/CZ0~hX,11/3/2024,
704,Kalinda,Blofeld,kblofeldjj@slate.com,iV5~(F$TY=1,9/18/2024,
705,Carley,Scranny,cscrannyjk@weather.com,jK7/rBk_T3g1!Rsd,6/29/2024,
706,Ella,Cotman,ecotmanjl@naver.com,bA7#bKRhT94+u,10/24/2024,
707,Niki,Fosdick,nfosdickjm@cafepress.com,uR6>?VLbJr,3/16/2024,
708,Odelle,Civitillo,ocivitillojn@pbs.org,tU1<xtJ#p,2/5/2024,
709,Bil,Wilcocke,bwilcockejo@topsy.com,aI0|QAJXoP,10/8/2024,
710,Bea,Baert,bbaertjp@flavors.me,bM9_aYR<v=n,2/14/2024,
711,Emili,Motion,emotionjq@buzzfeed.com,"rB9""{r*D`",5/12/2024,
712,Dniren,Westney,dwestneyjr@clickbank.net,iB8'gRnN{S}@h,7/16/2024,
713,Richard,Toulamain,rtoulamainjs@economist.com,yB9{!EyR??U,8/31/2024,
714,Vite,Camilli,vcamillijt@statcounter.com,bZ0#IM|8r,12/18/2023,
715,Zeke,Keneleyside,zkeneleysideju@so-net.ne.jp,"oU5+mV?sk""",5/9/2024,
716,Evey,Wassung,ewassungjv@tinypic.com,dH1$WNrwt,12/4/2023,
717,Myca,Firk,mfirkjw@thetimes.co.uk,pT2*6zx0B(,1/24/2024,
718,Valentino,Probetts,vprobettsjx@ft.com,"fY5%UG""/8'E",11/7/2024,
719,Rudolf,Dionisi,rdionisijy@google.nl,jI6|!2Bg7|*dAfs,2/19/2024,
720,Rad,Ellett,rellettjz@aboutads.info,sA0!FAQ`&E$fp?3f,5/25/2024,
721,Worden,Rubin,wrubink0@eventbrite.com,iL4~tZSme=Z,2/29/2024,
722,Ailis,Runcieman,arunciemank1@sitemeter.com,jM5=bpDk|?u$Oal@,10/6/2024,
723,Ganny,Kegan,gkegank2@bloglovin.com,nM8<7?lc@r,5/1/2024,
724,Mathias,Frawley,mfrawleyk3@moonfruit.com,qS6|x7Otr/E2Lq,12/21/2023,
725,Zebulen,Robardley,zrobardleyk4@clickbank.net,"hE1{6w6NeQ',",8/15/2024,
726,Drucie,Larder,dlarderk5@wix.com,"tG4|?)q\""$n'",7/22/2024,
727,Willie,Folan,wfolank6@creativecommons.org,aO2)8D!Q~'cCLZ@,3/30/2024,
728,Nomi,Batson,nbatsonk7@1und1.de,zH8>KigqXE,7/7/2024,
729,Byron,Mc Carroll,bmccarrollk8@un.org,uG8<`C)pdV=,5/26/2024,
730,Tymothy,Westhofer,twesthoferk9@gmpg.org,yM4$OeRIl('}yhJ,7/25/2024,
731,Johnath,Coudray,jcoudrayka@plala.or.jp,"dI5.q|'>bV(!&,e",5/17/2024,
732,Rog,Halls,rhallskb@timesonline.co.uk,wO8<L98.2|*6(,7/14/2024,
733,Viki,Hyndley,vhyndleykc@squarespace.com,bO9\M))pa,9/21/2024,
734,Mohandas,Morstatt,mmorstattkd@reuters.com,dD8>gDw{4f3AP,2/28/2024,
735,Winny,Rozsa,wrozsake@tinyurl.com,bV5}j5YpC+&,4/25/2024,
736,Melinda,Klimpke,mklimpkekf@archive.org,eG8)ub|Od,9/30/2024,
737,Trumaine,Lancett,tlancettkg@bbb.org,bG0/o{u#6S,9/24/2024,
738,Kora,Such,ksuchkh@answers.com,gW5{4Emz,6/9/2024,
739,Teressa,Kersey,tkerseyki@cpanel.net,vU2??raT'4V7,1/16/2024,
740,Ricki,Benditt,rbendittkj@engadget.com,mY5|b!K!3,7/22/2024,
741,Sally,Pawfoot,spawfootkk@pagesperso-orange.fr,wM5.9A%fjYt>Q*R,7/28/2024,
742,Rhoda,Vina,rvinakl@dmoz.org,xI5#/7V<waG{&r,3/5/2024,
743,Joelle,Powrie,jpowriekm@a8.net,bJ3)&.KVq.s,4/28/2024,
744,Arley,Boulds,abouldskn@merriam-webster.com,rG6{hxmi*|5_<,11/1/2024,
745,Sharleen,Drieu,sdrieuko@si.edu,tG1$_4Ysd,4/11/2024,
746,Rogers,Nickell,rnickellkp@mail.ru,"vP6""1'5FU+N?\",10/27/2024,
747,Tripp,Sleaford,tsleafordkq@examiner.com,"sD8)F_8',KZfI0m",8/24/2024,
748,Solomon,Lettley,slettleykr@ask.com,eR4=WvROVwv,2/18/2024,
749,Melany,M'Barron,mmbarronks@google.co.jp,mJ4_Fz!gK=F_1,1/26/2024,
750,Letta,Maureen,lmaureenkt@google.de,rY1/4Np7q1@J,12/8/2023,
751,Suzi,Billany,sbillanyku@elegantthemes.com,fN6{v<yGN,10/17/2024,
752,Symon,Frankema,sfrankemakv@columbia.edu,"qA8`luH|Qj'W5,N",8/22/2024,
753,Jacky,Briereton,jbrieretonkw@lulu.com,mY8?XB|*vz2D',10/17/2024,
754,Griselda,Heggman,gheggmankx@is.gd,"zJ4}SDoU9,@U$fQ",12/21/2023,
755,Riobard,McCarver,rmccarverky@nhs.uk,gL9&DTc%a4#,1/30/2024,
756,Annabella,Marin,amarinkz@topsy.com,"nY2(T,rS",7/16/2024,
757,Raddy,Bartzen,rbartzenl0@google.fr,yF6/8}CoU7,12/4/2023,
758,Biron,Wilfling,bwilflingl1@mlb.com,fH3&ML>nF,1/5/2024,
759,Berky,Sneaker,bsneakerl2@yolasite.com,vC2=rA6!0,4/23/2024,
760,Ileana,Wordley,iwordleyl3@dell.com,fH4+FzZMB8@?>m,11/25/2023,
761,Dotty,Wattam,dwattaml4@yellowbook.com,vU5%Tio(eI876~,10/24/2024,
762,Elena,Salzburg,esalzburgl5@instagram.com,uM5~Z88CTM!,7/29/2024,
763,Giraud,Sandon,gsandonl6@ft.com,"kJ1{B.""6${s",11/28/2023,
764,Ade,Endrici,aendricil7@google.co.uk,cW1>M*\GOmOIte,1/23/2024,
765,Norah,Connal,nconnall8@zimbio.com,"gH4""'q>Q4",10/27/2024,
766,Free,Bamlet,fbamletl9@nifty.com,jO1!JID_qz0rzv,12/13/2023,
767,Ginevra,Vellden,gvelldenla@sbwire.com,"iL0_ewo7{""'",6/29/2024,
768,Nobie,Letixier,nletixierlb@topsy.com,lS3(pe|_Sq$`L,3/29/2024,
769,Artie,Gopsell,agopselllc@multiply.com,cF4|_09f,2/21/2024,
770,Brodie,Imlach,bimlachld@pbs.org,"aF3\9{r1'""&",10/9/2024,
771,Puff,Moreinu,pmoreinule@addtoany.com,dY3(w5aD2`09bAn,12/31/2023,
772,Elia,Gairdner,egairdnerlf@so-net.ne.jp,aY8\'j?Vq7e)r,8/12/2024,
773,Dulcy,March,dmarchlg@elpais.com,xG6`/Hi7g,8/18/2024,
774,Harald,Duley,hduleylh@cocolog-nifty.com,tI5&RTzc9Sd\,10/22/2024,
775,Emanuel,McTear,emctearli@microsoft.com,bX9).b8b@pZ,12/4/2023,
776,Babs,Grevel,bgrevellj@wix.com,kF6?r3F.D&3t,10/2/2024,
777,Livvie,Worner,lwornerlk@photobucket.com,eE3|32$67Y,7/24/2024,
778,Constantine,Coldbathe,ccoldbathell@imageshack.us,"fG3+ft,5@<b!|",1/12/2024,
779,Ingunna,Prantl,iprantllm@fema.gov,"zA5,cyzX*L{?",1/11/2024,
780,Oliy,Traill,otraillln@omniture.com,kP5.$f3/{At}9$,9/17/2024,
781,Brandice,Leall,blealllo@flavors.me,eD0>tKvqq,5/20/2024,
782,Adolphus,O'Grada,aogradalp@youtu.be,"uD2}9n4KoB,XcmE)",6/12/2024,
783,Jim,Achromov,jachromovlq@archive.org,sB0\>02uzed|Cj,10/19/2024,
784,Cele,Lidgley,clidgleylr@dion.ne.jp,qI3%YI7BN|i`<rc,10/10/2024,
785,Aryn,Clausner,aclausnerls@mail.ru,oG7&tU`!v.bJu>,11/26/2023,
786,Hebert,McAvinchey,hmcavincheylt@ed.gov,dX0#zM@E,9/22/2024,
787,Robin,Nield,rnieldlu@naver.com,tL9!Oh'L~A)hcmm,4/24/2024,
788,Alie,Pretswell,apretswelllv@pagesperso-orange.fr,"zZ2&k&""%I<9V",9/6/2024,
789,Mahalia,Gerrietz,mgerrietzlw@altervista.org,gC3}'@z$e@Oj5,4/23/2024,
790,Howey,Loble,hloblelx@china.com.cn,wV6@eaB={P\dr=b,1/8/2024,
791,Rafaellle,Iori,riorily@epa.gov,"xM2~/,WQ",5/1/2024,
792,Flemming,Egan,feganlz@va.gov,dJ8(w1|c3vu,8/20/2024,
793,Jessie,Josuweit,jjosuweitm0@issuu.com,"cN4!$t\N)Tam""Z",3/7/2024,
794,Findlay,Mallen,fmallenm1@va.gov,xM4*0DqH49,8/10/2024,
795,Julie,Gouinlock,jgouinlockm2@berkeley.edu,vI8\65J#(,6/5/2024,
796,Christabel,Dietsche,cdietschem3@edublogs.org,wK7>O?vF&T,6/7/2024,
797,Hillyer,Skillen,hskillenm4@usatoday.com,"kE5""ud`F""fpi*(",3/16/2024,
798,Jo ann,Mathias,jmathiasm5@parallels.com,sW5+>#1pj9_TpX,11/19/2024,
799,Lay,Drache,ldrachem6@i2i.jp,"fW4#/,)Oi",12/21/2023,
800,Carolyn,Bacop,cbacopm7@topsy.com,tD5+5{EX,5/16/2024,
801,Birk,McVey,bmcveym8@umich.edu,zS0_S%`#R,3/1/2024,
802,Tabbi,Meegin,tmeeginm9@hao123.com,fM1{M>.2M9s,5/26/2024,
803,Blinny,Dureden,bduredenma@mayoclinic.com,"tN4""iLn5>*",4/6/2024,
804,Rey,Greger,rgregermb@is.gd,hT2|e2Wbc4F/,12/5/2023,
805,Robinia,Lorens,rlorensmc@blinklist.com,eE5}0rn_rbP/,10/5/2024,
806,Anthe,MacCulloch,amaccullochmd@elpais.com,"rC3,cj0@10j(rFzF",12/12/2023,
807,Dwight,Metzig,dmetzigme@nps.gov,"mT3/*Ie`S1}"">utu",7/21/2024,
808,Saree,Stonhewer,sstonhewermf@kickstarter.com,iK6{Ph.U>Q,9/20/2024,
809,Anastasie,Dutch,adutchmg@addthis.com,"cY2`<lfWxj{D,x",5/27/2024,
810,Anabelle,Pady,apadymh@yahoo.co.jp,uA1>4tw0l~$xG,4/16/2024,
811,Shaun,Leemans,sleemansmi@amazon.co.jp,mQ5_Uc~|0E_p,6/17/2024,
812,Quentin,Tassaker,qtassakermj@naver.com,aQ2\2fdz,1/4/2024,
813,Lothario,Francombe,lfrancombemk@auda.org.au,"nZ8<zHJ=`9La,r6(",1/21/2024,
814,Sharla,Mansel,smanselml@bravesites.com,yH0@N}T~,5/7/2024,
815,Nefen,Dicken,ndickenmm@marriott.com,zT9%OOHz\|6W3,11/6/2024,
816,Bary,Andersson,banderssonmn@newsvine.com,mZ4|coq~pY\Qp8n,4/26/2024,
817,Natal,Pereira,npereiramo@newsvine.com,mW1}FVEs4eP,6/3/2024,
818,Ettie,Lownie,elowniemp@independent.co.uk,xV0)L/fw4?B,11/5/2024,
819,Chlo,Reinert,creinertmq@multiply.com,eS2\o9C}Cwi@i4F%,6/30/2024,
820,Bertrand,Ashburner,bashburnermr@amazonaws.com,hV9+DwRa8p&*,3/24/2024,
821,Keriann,Renols,krenolsms@engadget.com,"eR5++8/_5Yo2St,D",7/19/2024,
822,Donna,Tayloe,dtayloemt@amazon.de,rW7(OI&<,5/6/2024,
823,Gusta,Jakubovski,gjakubovskimu@arstechnica.com,uV1(USlK7egF!,7/3/2024,
824,Roldan,Kurdani,rkurdanimv@amazonaws.com,gZ6<>_(=HI,1/11/2024,
825,Elias,Antill,eantillmw@gravatar.com,"wF0$""D'YqE.x}",1/6/2024,
826,Earl,Cardno,ecardnomx@wired.com,kD9}>w+a6Tr$gO,10/3/2024,
827,Chaunce,Iacoboni,ciacobonimy@skype.com,iI0~w#~2,9/5/2024,
828,Cathyleen,Slowcock,cslowcockmz@ftc.gov,vQ3|'~Jcjbj_Q,10/12/2024,
829,Bartel,Paish,bpaishn0@hugedomains.com,"vU6,mh""NLJu6.F/",8/24/2024,
830,Xavier,Managh,xmanaghn1@usa.gov,"wQ4&?93,b",8/28/2024,
831,Raff,Holme,rholmen2@who.int,iO7(?@L{,8/27/2024,
832,Leonelle,Rawdall,lrawdalln3@bloomberg.com,yG5_Xdlaf=,7/16/2024,
833,Anet,Sparey,aspareyn4@aol.com,"dK3>S,8V",10/10/2024,
834,Leonora,Sellors,lsellorsn5@ca.gov,gF7.I>RxpxgtVwE,5/16/2024,
835,Nanci,Court,ncourtn6@blogger.com,sO4${Z$}n/e+&,8/7/2024,
836,Sibilla,Goodlet,sgoodletn7@dmoz.org,wC3+dyl=?J\1G,5/7/2024,
837,Brigid,Alejandre,balejandren8@scribd.com,rI1+/s12'rf,5/22/2024,
838,Nancie,Halpine,nhalpinen9@ovh.net,fS2@md5`S?03*B+K,5/22/2024,
839,Eimile,Huguenet,ehuguenetna@fc2.com,xH8)`@cjjHP',6/23/2024,
840,Marshall,Pfaff,mpfaffnb@nasa.gov,zK9!)B&SIFA7,2/12/2024,
841,Holly,Curtoys,hcurtoysnc@zdnet.com,"yF4)y{,~B",10/14/2024,
842,Lauree,Mumbray,lmumbraynd@tinyurl.com,"hG8"".5jaH",4/13/2024,
843,Yolane,Algate,yalgatene@ft.com,"fN3<AEUiN+,C",2/1/2024,
844,Nikita,McKinie,nmckinienf@businessweek.com,"sY1,<FGmc&t#fx",12/14/2023,
845,Odilia,Fillis,ofillisng@eepurl.com,lV0)sPyV|RF5=,5/13/2024,
846,Marigold,Thomen,mthomennh@theguardian.com,"nL8+{7ka0V,~",4/23/2024,
847,Sampson,Chadderton,schaddertonni@narod.ru,cL9|x'L?N,2/28/2024,
848,Corri,Boler,cbolernj@cdbaby.com,bR1>5.&Zw/=uphxP,5/16/2024,
849,Camilla,Maass,cmaassnk@51.la,zF8~12F?,11/20/2024,
850,Wally,Oxborough,woxboroughnl@wikimedia.org,lY8=.EI/5,6/21/2024,
851,Demetris,Mattsson,dmattssonnm@google.com,"wF3{xRXanRZR#~""#",1/11/2024,
852,Ulric,Ber,ubernn@jimdo.com,uW0?Rv{'jH<,6/21/2024,
853,Damita,Laxe,dlaxeno@umn.edu,yL7~VU~wC4CF,10/12/2024,
854,Carmelia,Spellicy,cspellicynp@tinyurl.com,oX6}Uz@y,8/7/2024,
855,Gan,Gillan,ggillannq@purevolume.com,nV4*Jd6RLQerL7,6/29/2024,
856,Stephi,Bruckenthal,sbruckenthalnr@blogtalkradio.com,gW7$!~t_p|0RxDGh,3/9/2024,
857,Delcine,Richmond,drichmondns@gravatar.com,lY8\A?@MD,10/18/2024,
858,Lizabeth,Hedge,lhedgent@google.com.br,sF4{/28xo=Xc,2/21/2024,
859,Miriam,Roels,mroelsnu@theglobeandmail.com,oK9.MN6ESVXBL@J,12/26/2023,
860,Tabina,Ricardou,tricardounv@aol.com,fX4>$@~A},4/13/2024,
861,Byran,Whissell,bwhissellnw@creativecommons.org,eP0|}=yJ3d|@_>o,4/9/2024,
862,Dacia,Jellman,djellmannx@zimbio.com,rH0/w#EyjH,4/17/2024,
863,Lynn,Pairpoint,lpairpointny@nhs.uk,zC4#P(wX/S`33.L,8/5/2024,
864,Magdaia,Broadfield,mbroadfieldnz@sun.com,gP1.*QCZ>,5/17/2024,
865,Susi,Soughton,ssoughtono0@ustream.tv,aJ5/tuJ32oz=,11/6/2024,
866,Ardelia,Chown,achowno1@mashable.com,"hS3?Q7,5,",9/3/2024,
867,Wells,Limerick,wlimericko2@sourceforge.net,"aL3}(,R.",8/27/2024,
868,Grenville,Leguey,glegueyo3@nhs.uk,lC2@mr/OF1,10/31/2024,
869,Jan,Growcott,jgrowcotto4@nifty.com,pM5~B'lvnH~~DPdt,11/7/2024,
870,Fleming,Hugnot,fhugnoto5@slate.com,"nW4!=?,6_C8J",7/30/2024,
871,Cobbie,Bodker,cbodkero6@booking.com,zO1~UOL83saZ,4/30/2024,
872,Tybie,Sylvaine,tsylvaineo7@addthis.com,"eI5+_WaW,}&p",2/8/2024,
873,Sisile,Bourbon,sbourbono8@hatena.ne.jp,kN9?maHT`3OA9,3/19/2024,
874,Carole,Morrell,cmorrello9@statcounter.com,zY8/JAZOt+zT/,2/27/2024,
875,Vince,Gozzard,vgozzardoa@princeton.edu,iR3*PKQ#HQOrv\ts,4/6/2024,
876,Lenette,Blackbourn,lblackbournob@chron.com,vC5#s?66<n}C1gR,2/24/2024,
877,Kandy,Jones,kjonesoc@mozilla.org,nW0>$'>9'NPk~G=,3/28/2024,
878,Lorne,Annets,lannetsod@unc.edu,cN4%j~v5.f3},1/5/2024,
879,Aeriel,Gryglewski,agryglewskioe@t-online.de,cY2|kkIuvvzVc,3/20/2024,
880,Junina,Lamond,jlamondof@forbes.com,bY7+22DthhD}O`M,3/14/2024,
881,Eugen,Nutbrown,enutbrownog@issuu.com,"oJ5\!KaS=,@V_H",11/23/2024,
882,Albertine,Roggeman,aroggemanoh@yolasite.com,"xT2'{dwoS,L",9/25/2024,
883,Killy,Tresise,ktresiseoi@google.es,bC3(6zOh,3/22/2024,
884,Alasdair,Veart,aveartoj@cbslocal.com,"pP8!,m/=#7",4/11/2024,
885,Antoinette,Jumel,ajumelok@hugedomains.com,qS1'V}vwdH#1~,10/23/2024,
886,Lauree,Brumhead,lbrumheadol@kickstarter.com,eF7/Ua{v,9/6/2024,
887,Erwin,Walkey,ewalkeyom@wix.com,yV6|UD&#Op=Zj@,6/22/2024,
888,Park,Beales,pbealeson@cnet.com,gX9=g&#e>_JzlfZW,2/11/2024,
889,Carena,Beadnell,cbeadnelloo@edublogs.org,cP0}nY?\%Vd.,12/15/2023,
890,Warren,Olivetti,wolivettiop@unesco.org,"lI6%yw""0Vh",1/13/2024,
891,Maggy,Baitey,mbaiteyoq@sogou.com,gF8)z{{=w6BFB1P1,4/22/2024,
892,Alix,Sands,asandsor@buzzfeed.com,xB0{c{'wq(,6/1/2024,
893,Napoleon,Jelf,njelfos@gnu.org,eU3!UlK.wD%1,1/25/2024,
894,Geoffrey,Noulton,gnoultonot@prnewswire.com,"bR3+{,xA<""{",6/21/2024,
895,Paxton,Schenfisch,pschenfischou@github.io,dX9}_)j),7/4/2024,
896,Myron,Yanuk,myanukov@arizona.edu,sT6/a~#(pp!f,4/24/2024,
897,Lizzie,Westmarland,lwestmarlandow@diigo.com,kW6@=K>D,2/8/2024,
898,Ruggiero,Danter,rdanterox@ifeng.com,oG8(`T+_1,7/3/2024,
899,Madeleine,Bog,mbogoy@ft.com,qG8?!K&x5Isu,1/31/2024,
900,Marion,Venning,mvenningoz@histats.com,kV2$~Yg.Q+w\{IZ,1/24/2024,
901,Mike,Shermore,mshermorep0@so-net.ne.jp,wZ4=F4faSt%GIJ@,4/12/2024,
902,Rouvin,Gontier,rgontierp1@cisco.com,"kK9&""vfU",2/9/2024,
903,Marcelline,Life,mlifep2@fc2.com,"nZ2?kt""1",1/16/2024,
904,Ursola,Bloggett,ubloggettp3@over-blog.com,dJ0'$lfH{ca},9/4/2024,
905,Wilek,Gutch,wgutchp4@goo.ne.jp,"oI2<+25Ow}DF7XU,",8/7/2024,
906,Olimpia,Van T'Hoog,ovanthoogp5@bing.com,jH6`$.W</Bt,8/20/2024,
907,Zacharia,Brunton,zbruntonp6@netlog.com,eD5.vk{F,5/28/2024,
908,Garfield,Swaile,gswailep7@360.cn,"yG7~X,8%8=E",5/2/2024,
909,Hamil,Peatheyjohns,hpeatheyjohnsp8@thetimes.co.uk,tD0>SEi21th,2/25/2024,
910,Jacky,Rodwell,jrodwellp9@deviantart.com,zG9#Ci!$*{z13,1/18/2024,
911,Auberta,Gooderham,agooderhampa@sogou.com,dA3{=7RAe{/5wAy6,3/10/2024,
912,Dallon,Bruce,dbrucepb@vistaprint.com,"tI5,Hk0`j8p",12/21/2023,
913,Tove,Chapelhow,tchapelhowpc@google.com,vP4=_qT3YyQ0#6ry,12/15/2023,
914,Konstantine,Shemmin,kshemminpd@over-blog.com,dI5(ZWxHIN2Cxyl,11/30/2023,
915,Rhody,Suggitt,rsuggittpe@miitbeian.gov.cn,bV4=Y4Mq,3/29/2024,
916,Aleda,Jerrolt,ajerroltpf@ucla.edu,aM4.nEu)\=0p$c3,10/25/2024,
917,York,Gilffilland,ygilffillandpg@icq.com,"jM3@\4uWIo""j9`",10/20/2024,
918,Emmi,Pelfer,epelferph@etsy.com,qH5_j5#b>Uxi,8/9/2024,
919,Datha,Lorenzetto,dlorenzettopi@marketwatch.com,eQ2)iYGigHx,11/19/2024,
920,Afton,Chasteney,achasteneypj@dedecms.com,cJ3~m<Gz,11/15/2024,
921,Cherie,O'Devey,codeveypk@oakley.com,uB5*s*gXClBX7DF4,7/7/2024,
922,Tades,Catlette,tcatlettepl@meetup.com,dJ8~~aTkeYqhj,3/14/2024,
923,Kevina,Brammall,kbrammallpm@reddit.com,sW0~jG\dHMo8,2/26/2024,
924,Michele,Kovnot,mkovnotpn@51.la,wU3_JTss3M,11/1/2024,
925,Galina,Pote,gpotepo@blogtalkradio.com,dM0@Hh/SD{{S,1/7/2024,
926,Elayne,Mardall,emardallpp@clickbank.net,"bL8>+k4%`WVm,_",2/24/2024,
927,Niko,Hindrick,nhindrickpq@forbes.com,"vT1)o2\""J_B{%k}~",11/13/2024,
928,Patrizia,Miguet,pmiguetpr@hc360.com,qC4*gM4k*%o=m,7/15/2024,
929,Moyna,Munnings,mmunningsps@intel.com,"gM0.gyVETe,gDu(",9/16/2024,
930,Alisander,Povlsen,apovlsenpt@qq.com,"pG0)$MJ'/,#<$t",6/29/2024,
931,Frasier,Coultas,fcoultaspu@answers.com,sI1&Vg4AMm/SYz,11/13/2024,
932,Daniele,Sandells,dsandellspv@google.co.uk,"kL0""!J`QU",10/15/2024,
933,Serena,Ondricek,sondricekpw@who.int,aT3#k(ex),4/20/2024,
934,Kelwin,Kettle,kkettlepx@wix.com,gD3!3.f?=QBsL=,8/29/2024,
935,Elga,Durrans,edurranspy@bloomberg.com,"oS7~A(g""aecDa>Z",7/7/2024,
936,Valida,Davidovics,vdavidovicspz@bbb.org,sF6>L*N>y,1/5/2024,
937,Sally,Branigan,sbraniganq0@npr.org,xY5>rC<R$NWB,3/29/2024,
938,Frankie,Beri,fberiq1@usda.gov,"wP6,dzoH1%}f",9/27/2024,
939,Cristen,Vegas,cvegasq2@thetimes.co.uk,uI2(1Cg@m_SDk,8/31/2024,
940,Annmarie,Haxbie,ahaxbieq3@psu.edu,xF0$!D4{>2(Vn.2,10/4/2024,
941,Phylis,Crathern,pcrathernq4@ihg.com,yP9{s|H)=Y,8/4/2024,
942,Hedda,Vazquez,hvazquezq5@cmu.edu,gU0_3zBF,10/15/2024,
943,Frannie,Brenton,fbrentonq6@ehow.com,"hI5\L@%`~""Mc",12/25/2023,
944,Orsola,Glancey,oglanceyq7@yahoo.com,yA9'{B/~>3h,7/26/2024,
945,Damiano,Wait,dwaitq8@t.co,uK8)inzjX274&xg,3/26/2024,
946,Ivett,Hedon,ihedonq9@t-online.de,pQ2#/Pif2Z,11/16/2024,
947,Jenn,Rulton,jrultonqa@thetimes.co.uk,"sF6$IIA|j_""}'&",3/7/2024,
948,Emilio,Cawood,ecawoodqb@blogs.com,kM8>YMKCNICS{Yc,1/26/2024,
949,Natalina,Bourcq,nbourcqqc@accuweather.com,zC6'VFWs?ki/.InH,7/18/2024,
950,Averil,Sotheron,asotheronqd@guardian.co.uk,yR0)R1ec,4/13/2024,
951,Philip,Ghidoni,pghidoniqe@theatlantic.com,jS0_ns%D|2vK,6/15/2024,
952,Vonni,Crumb,vcrumbqf@wikipedia.org,tA5\N{#<D,1/20/2024,
953,Drusy,Slatcher,dslatcherqg@fema.gov,fL0~oFkm,5/30/2024,
954,Krista,Frary,kfraryqh@bloomberg.com,bF9(6xt(S)s|F3,3/5/2024,
955,Baxie,Kingsly,bkingslyqi@prnewswire.com,"bZ9`u,SVD%&TPJ!",4/22/2024,
956,Leia,Dukesbury,ldukesburyqj@independent.co.uk,rY0/*g7}v,7/15/2024,
957,Winfield,Blunsden,wblunsdenqk@ft.com,"fT3&YY,~PE",4/7/2024,
958,Geoff,Brunroth,gbrunrothql@lulu.com,zU8}~X.EMb,4/22/2024,
959,Quincy,Stilwell,qstilwellqm@soup.io,vO5<SO__7,9/17/2024,
960,Shannon,Standage,sstandageqn@blogtalkradio.com,uP8@2*Jz)zM?qte(,5/2/2024,
961,Roch,Pretty,rprettyqo@sun.com,kT9=KOJWKE5|Xa,5/14/2024,
962,Moore,Humes,mhumesqp@t-online.de,rO8$@&ACRF3,5/14/2024,
963,Garek,Fairham,gfairhamqq@furl.net,bS0_._dLd91vu,4/17/2024,
964,Skylar,Ceyssen,sceyssenqr@feedburner.com,"zA9(60~i!{H,s",9/6/2024,
965,Gerta,Mundle,gmundleqs@hud.gov,fC1&E(=NE*)FQ@#,4/29/2024,
966,Joelynn,Durie,jdurieqt@ftc.gov,jW4(U3Zo,12/8/2023,
967,Betti,Eginton,begintonqu@cafepress.com,"vP6!""""YV8Z~(!66",7/17/2024,
968,Gay,Dovidian,gdovidianqv@discuz.net,gF2>\a.pHj',7/30/2024,
969,Fern,Golledge,fgolledgeqw@quantcast.com,"aK2/v&R1D""",3/5/2024,
970,Emory,Shakeshaft,eshakeshaftqx@jigsy.com,hB3/nE}8Q\,8/11/2024,
971,Michal,Klimkiewich,mklimkiewichqy@irs.gov,kL0?8U}DSiGw5v(,1/18/2024,
972,Issy,Raraty,iraratyqz@indiatimes.com,"tG2""JgMi#1z0SL4E",3/13/2024,
973,Blanche,Patis,bpatisr0@over-blog.com,uS0#0|d74+T{t?,1/6/2024,
974,Hillery,Gifford,hgiffordr1@nydailynews.com,iV0.)fyca,2/17/2024,
975,Rubi,Shera,rsherar2@scientificamerican.com,nW0+atvKsE8a,5/27/2024,
976,Alexandrina,Swaffer,aswafferr3@arstechnica.com,"sL3""O.SO6%/",10/12/2024,
977,Clementius,Lindeman,clindemanr4@hugedomains.com,yL3/0!6ed,7/25/2024,
978,Brendan,Ilyinykh,bilyinykhr5@drupal.org,mH0$%f*DBL,6/27/2024,
979,Cindi,Parnell,cparnellr6@spotify.com,jO8`o|f?*/.8M,8/23/2024,
980,Randolf,Cabrara,rcabrarar7@purevolume.com,mX3)8\+5x,7/11/2024,
981,Selena,Recke,srecker8@wisc.edu,aH1@8Jue.n`R,2/18/2024,
982,Maryanna,Briatt,mbriattr9@bravesites.com,sL9)5/O4,3/17/2024,
983,Alix,Aaronsohn,aaaronsohnra@netvibes.com,wK0)LKk{j0.(o<>,10/5/2024,
984,Thelma,Millimoe,tmillimoerb@opensource.org,vU7%rJ'%B~.,12/17/2023,
985,Allianora,Yabsley,ayabsleyrc@statcounter.com,bB9#V{xW+,10/31/2024,
986,Gabby,Jahndel,gjahndelrd@usgs.gov,kB0(05.Nt$,2/20/2024,
987,Heddie,Belliard,hbelliardre@wordpress.com,eJ2}1M<n/,8/13/2024,
988,Glynnis,Kinze,gkinzerf@google.de,"zQ3.}5A,_f>.5%",5/20/2024,
989,Camilla,Ludovico,cludovicorg@ycombinator.com,"oR8$,~vL#G~0",11/4/2024,
990,Sile,Ponder,sponderrh@a8.net,"qW6+t4,A",4/16/2024,
991,Thornie,Lauderdale,tlauderdaleri@springer.com,yN0(9SXY,8/17/2024,
992,Nettie,Lowing,nlowingrj@aol.com,pO8{S=W1jWJ,2/27/2024,
993,Boonie,Iacopini,biacopinirk@telegraph.co.uk,aH3|*}NKXozhb$xU,11/14/2024,
994,Berrie,Trinbey,btrinbeyrl@reverbnation.com,mY7|I(g5geC/3NX,6/7/2024,
995,Lusa,Nock,lnockrm@blogger.com,cP8+56*C,8/5/2024,
996,Melvin,Saywell,msaywellrn@stumbleupon.com,dZ0$_G}cDGx,10/30/2024,
997,Izaak,Thirst,ithirstro@gizmodo.com,"fQ1)sgD,.<0g'BG",7/30/2024,
998,Conny,Avraam,cavraamrp@mapquest.com,eL4<Ypv8gVz\CL,5/1/2024,
999,Matty,Eggleson,megglesonrq@ca.gov,vQ3}Y2mc'cXGRWe,1/14/2024,
1000,Jorgan,Isham,jishamrr@liveinternet.ru,"tN9,2P""0O2jb",7/20/2024,
